6027,0.0,0.0,0.6666666666666665,0.6470588235294118,0.9639455009432345,0.9603496253353112,-0.3682976189659403,1.0,0,-0.684947584067636,1.0,0
6513,0.0,0.0,0.6666666666666665,0.6470588235294118,0.9639455009432345,0.9603496253353112,-0.3682976189659403,2.0,0,0.5363798580753912,1.0,0
5201,0.0,0.0,1.0,0.9411764705882352,0.9639455009432345,0.9603496253353112,-0.3647768598941265,1.0,0,-0.9352196009002235,0.0,1
7005,0.0,0.0,0.6666666666666665,0.7647058823529412,0.9639455009432345,0.9603496253353112,-0.3682976189659403,2.0,0,-0.3245558798287099,1.0,0
21226,0.0,0.0,0.0,0.0,0.9639455009432345,0.9603496253353112,-0.3682976189659403,2.0,0,-0.1543709083825504,1.0,0
7575,0.0,0.0,0.6666666666666665,0.7058823529411765,0.9639455009432345,0.9603496253353112,-0.3682976189659403,2.0,0,-0.3645994025219239,1.0,0
9397,0.0,1.0,0.6666666666666665,0.5882352941176471,-0.011920409671395564,-0.08196753090913357,-0.3682976189659403,2.0,0,0.22604255720298266,1.0,0
13377,0.0,0.0,1.0,0.7647058823529412,0.9639455009432345,0.9603496253353112,-0.3682976189659403,2.0,0,-0.04425122097621188,1.0,0
14871,0.0,0.0,0.0,0.05882352941176472,0.9639455009432345,0.9603496253353112,-0.3682976189659403,2.0,0,-0.1643817890558539,1.0,0
21483,0.0,0.0,0.0,0.05882352941176472,0.9639455009432345,0.9603496253353112,-0.3682976189659403,2.0,0,-0.04425122097621188,2.0,0
6148,0.0,0.0,0.0,0.23529411764705876,0.9639455009432345,0.9603496253353112,-0.3682976189659403,1.0,0,-0.544795254641387,1.0,0
29528,0.0,0.0,0.0,0.0,0.9639455009432345,0.9603496253353112,-0.3682976189659403,2.0,0,0.2560751992228932,1.0,0
4878,0.0,1.0,0.6666666666666665,0.7647058823529412,-1.2305359223701604,-1.8300569120062369,-0.3647768598941265,0.0,0,-0.9752631235934375,0.0,1
7341,1.0,0.0,0.6666666666666665,0.5882352941176471,-0.011920409671395564,-0.08196753090913357,-0.3682976189659403,2.0,1,1.6976420161785974,1.0,0
6416,0.0,0.0,1.0,0.823529411764706,0.9639455009432345,0.9603496253353112,-0.3682976189659403,2.0,0,0.19600991518307215,1.0,0
4823,0.0,0.0,0.33333333333333326,0.2941176470588235,-1.2305359223701604,-1.8300569120062369,2.488812017207411,0.0,0,-0.965252242920134,0.0,1
2050,0.0,0.0,0.33333333333333326,0.2941176470588235,-1.7902032784930408,-0.8542122452049276,-0.3682976189659403,0.0,0,-1.1554589757129006,0.0,1
14594,0.0,0.0,0.0,0.05882352941176472,-1.2305359223701604,-0.8542122452049276,-0.3682976189659403,2.0,1,1.2271306245333329,1.0,0
14571,1.0,0.0,1.0,0.823529411764706,-0.011920409671395564,-0.08196753090913357,-0.3682976189659403,2.0,0,0.16597727316316166,1.0,0
7229,1.0,0.0,0.0,0.05882352941176472,-1.2305359223701604,-0.8542122452049276,-0.3682976058382679,0.0,0,-0.985274004266741,0.0,1
3943,0.0,0.0,1.0,0.7647058823529412,-1.2305359223701604,-1.8300569120062369,-0.3647768598941265,0.0,0,-0.9752631235934375,0.0,1
7229,1.0,0.0,0.6666666666666665,0.5882352941176471,-1.2305359223701604,-1.8300569120062369,2.488812017207411,1.0,0,-0.9452304815735271,0.0,1
14571,1.0,0.0,0.6666666666666665,0.7058823529411765,-0.011920409671395564,-0.08196753090913357,-0.3682976189659403,2.0,0,0.29611872191610716,1.0,0
4049,0.0,0.0,1.0,0.7647058823529412,-1.7902032784930408,-0.8542122452049276,-0.3682976189659403,0.0,0,-1.12542633369299,0.0,1
9100,0.0,0.0,0.0,0.17647058823529405,0.9639455009432345,0.9603496253353112,-0.3682976189659403,2.0,0,0.10591198912334064,1.0,0
7229,1.0,0.0,1.0,0.823529411764706,-1.2305359223701604,-1.8300569120062369,-0.3647768598941265,0.0,0,-0.9752631235934375,0.0,1
15353,0.0,0.0,0.0,0.05882352941176472,0.9639455009432345,0.9603496253353112,-0.3682976189659403,2.0,0,-0.2344579537689784,1.0,0
4441,0.0,0.0,0.33333333333333326,0.2941176470588235,-1.2305359223701604,-1.8300569120062369,2.488812017207411,0.0,0,-0.965252242920134,0.0,1
7690,0.0,0.0,1.0,0.823529411764706,0.9639455009432345,0.9603496253353112,-0.3682976189659403,2.0,1,1.5374679254057413,1.0,0
4823,0.0,0.0,0.6666666666666665,0.5882352941176471,-1.2305359223701604,-1.8300569120062369,3.067125080727987,0.0,0,-0.9552413622468305,0.0,1
8016,1.0,0.0,1.0,0.9999999999999999,-1.2305359223701604,-1.8300569120062369,3.067125080727987,0.0,0,-0.9552413622468305,0.0,1
12373,1.0,0.0,0.6666666666666665,0.6470588235294118,0.9639455009432345,0.9603496253353112,-0.3682976189659403,2.0,0,0.3061296025894107,1.0,0
10844,1.0,0.0,0.6666666666666665,0.5882352941176471,-0.011920409671395564,-0.08196753090913357,-0.3682976189659403,1.0,0,-0.6148714193545115,1.0,0
16263,1.0,0.0,1.0,0.9999999999999999,0.9639455009432345,0.9603496253353112,-0.3682976189659403,2.0,0,-0.2945232378087994,2.0,0
5403,0.0,1.0,0.33333333333333326,0.2941176470588235,-1.2305359223701604,-1.8300569120062369,2.488812017207411,0.0,0,-0.965252242920134,0.0,1
6117,0.0,0.0,1.0,0.8823529411764705,-0.011920409671395564,-0.08196753090913357,-0.3682976189659403,2.0,1,1.0369238917405663,2.0,0
8937,0.0,0.0,1.0,0.7647058823529412,0.9639455009432345,0.9603496253353112,-0.3682976189659403,2.0,0,0.20602079585637564,1.0,0
6953,0.0,0.0,0.0,0.23529411764705876,0.9639455009432345,0.9603496253353112,-0.3682976189659403,2.0,0,-0.3946320445418344,1.0,0
4565,0.0,0.0,0.33333333333333326,0.47058823529411764,-0.011920409671395564,-0.08196753090913357,-0.3682976189659403,1.0,0,-0.72499110676085,1.0,0
8892,0.0,0.0,0.0,0.23529411764705876,0.9639455009432345,0.9603496253353112,-0.3682976189659403,2.0,1,0.9268042043342277,2.0,0
10844,1.0,0.0,0.6666666666666665,0.6470588235294118,-0.011920409671395564,-0.08196753090913357,-0.3682976189659403,2.0,0,-0.1243382663626399,1.0,0
15058,0.0,0.0,0.6666666666666665,0.7058823529411765,0.9639455009432345,0.9603496253353112,-0.3682976189659403,2.0,0,0.04584670508351963,1.0,0
7295,0.0,0.0,0.0,0.0,-1.7902032784930408,-0.8542122452049276,-0.3682976189659403,0.0,0,-1.025317526959955,0.0,1
9718,0.0,0.0,0.6666666666666665,0.7647058823529412,0.9639455009432345,0.9603496253353112,-0.3682976189659403,2.0,0,0.015814063063609125,1.0,0
3838,0.0,0.0,0.0,0.05882352941176472,-1.7902032784930408,-0.8542122452049276,-0.3682976189659403,0.0,0,-1.1354372143662936,0.0,1
9258,0.0,0.0,0.33333333333333326,0.2941176470588235,-0.011920409671395564,-0.08196753090913357,-0.3682976189659403,2.0,1,2.3583601406166284,2.0,0
4544,1.0,0.0,0.33333333333333326,0.3529411764705882,-1.2305359223701604,-1.8300569120062369,2.488812017207411,1.0,0,-0.9452304815735271,0.0,1
4239,0.0,1.0,0.33333333333333326,0.2941176470588235,-1.2305359223701604,-1.8300569120062369,-0.3647768598941265,0.0,0,-0.9752631235934375,0.0,1
8040,1.0,0.0,1.0,0.823529411764706,-1.7902032784930408,-0.8542122452049276,-0.3682976189659403,0.0,0,-1.12542633369299,0.0,1
9483,1.0,0.0,0.0,0.17647058823529405,0.9639455009432345,0.9603496253353112,-0.3682976189659403,2.0,1,1.5374679254057413,2.0,0
13817,1.0,0.0,0.0,0.11764705882352944,-1.2305359223701604,-0.8542122452049276,-0.3682976189659403,2.0,0,0.18599903450976865,1.0,0
3543,0.0,1.0,1.0,0.9999999999999999,-1.7902032784930408,-0.8542122452049276,-0.3682976189659403,0.0,0,-1.0353284076332585,0.0,1
6354,0.0,1.0,1.0,0.823529411764706,-0.011920409671395564,-0.08196753090913357,-0.3682976189659403,2.0,0,-0.3145449991554064,1.0,0
5636,0.0,0.0,0.6666666666666665,0.7647058823529412,0.9639455009432345,0.9603496253353112,-0.3682976189659403,1.0,0,-0.6749367033943325,1.0,0
3898,0.0,1.0,1.0,0.823529411764706,-1.2305359223701604,-1.8300569120062369,-0.3647768598941265,0.0,0,-0.9752631235934375,0.0,1
3597,0.0,1.0,1.0,0.823529411764706,-1.7902032784930408,-0.8542122452049276,-0.3682976189659403,0.0,0,-1.025317526959955,0.0,1
5403,0.0,1.0,0.33333333333333326,0.4117647058823529,-1.2305359223701604,-1.8300569120062369,2.488812017207411,0.0,0,-0.965252242920134,0.0,1
6144,0.0,0.0,0.0,0.0,-1.2305359223701604,-0.8542122452049276,3.067125080727987,0.0,0,-0.9552413622468305,0.0,1
3971,0.0,1.0,1.0,0.9411764705882352,-1.2305359223701604,-1.8300569120062369,3.067125080727987,0.0,0,-0.9552413622468305,0.0,1
4957,0.0,1.0,0.33333333333333326,0.47058823529411764,0.9639455009432345,0.9603496253353112,-0.3682976189659403,1.0,0,-0.7149802260875465,1.0,0
12192,0.0,0.0,1.0,0.8823529411764705,0.9639455009432345,0.9603496253353112,-0.3682976189659403,2.0,0,0.13594463114325114,1.0,0
11200,0.0,0.0,0.0,0.23529411764705876,0.9639455009432345,0.9603496253353112,-0.3682976189659403,2.0,0,-0.42466468656174494,1.0,0
10877,0.0,0.0,1.0,0.8823529411764705,0.9639455009432345,0.9603496253353112,-0.3682976189659403,2.0,0,0.07587934710343014,1.0,0
13067,1.0,0.0,0.6666666666666665,0.6470588235294118,-0.011920409671395564,-0.08196753090913357,-0.3682976189659403,2.0,0,-0.1543709083825504,1.0,0
4282,0.0,1.0,0.6666666666666665,0.5882352941176471,-1.2305359223701604,-1.8300569120062369,2.488812017207411,0.0,0,-0.965252242920134,0.0,1
13062,0.0,0.0,0.0,0.17647058823529405,0.9639455009432345,0.9603496253353112,-0.3682976189659403,2.0,0,-0.1643817890558539,1.0,0
19595,1.0,0.0,0.0,0.05882352941176472,-1.7902032784930408,-0.8542122452049276,-0.3682976189659403,2.0,1,1.9178813909912744,1.0,0
13626,1.0,0.0,1.0,0.8823529411764705,-0.011920409671395564,-0.08196753090913357,-0.3682976189659403,2.0,0,-0.1243382663626399,1.0,0
13941,1.0,0.0,0.6666666666666665,0.5294117647058824,-0.011920409671395564,-0.08196753090913357,-0.3682976189659403,2.0,0,-0.2644905957888889,1.0,0
9103,0.0,0.0,0.6666666666666665,0.5882352941176471,0.9639455009432345,0.9603496253353112,-0.3682976189659403,2.0,0,0.38621664797583866,1.0,0
31783,0.0,0.0,0.0,0.0,-1.2305359223701604,-0.8542122452049276,-0.3682976189659403,2.0,1,1.7877399422383289,2.0,0
8146,0.0,0.0,0.0,0.05882352941176472,0.9639455009432345,0.9603496253353112,-0.3682976189659403,2.0,0,0.4562928126889632,2.0,0
1965,0.0,1.0,0.33333333333333326,0.2941176470588235,-1.7902032784930408,-0.8542122452049276,-0.3682976189659403,0.0,0,-1.12542633369299,0.0,1
14973,0.0,0.0,0.0,0.0,0.9639455009432345,0.9603496253353112,-0.3682976189659403,2.0,0,0.07587934710343014,1.0,0
8586,1.0,0.0,0.6666666666666665,0.6470588235294118,-0.011920409671395564,-0.08196753090913357,-0.3682976189659403,2.0,0,0.16597727316316166,1.0,0
5510,0.0,0.0,1.0,0.8823529411764705,-0.011920409671395564,-0.08196753090913357,-0.3682976189659403,0.0,0,-1.005295765613348,0.0,1
5510,0.0,0.0,1.0,0.9999999999999999,-0.011920409671395564,-0.08196753090913357,-0.3682976189659403,0.0,0,-1.005295765613348,0.0,1
12373,1.0,0.0,0.6666666666666665,0.5882352941176471,0.9639455009432345,0.9603496253353112,-0.3682976189659403,2.0,0,-0.40464292521513795,1.0,0
2754,0.0,0.0,0.6666666666666665,0.5882352941176471,-1.7902032784930408,-0.8542122452049276,-0.3682976189659403,0.0,0,-1.12542633369299,0.0,1
7670,0.0,0.0,0.6666666666666665,0.6470588235294118,0.9639455009432345,0.9603496253353112,-0.3682976189659403,2.0,0,0.21603167652967917,1.0,0
7414,0.0,1.0,0.0,0.05882352941176472,-1.7902032784930408,-0.8542122452049276,-0.3682976189659403,0.0,0,-1.0353284076332585,0.0,1
9526,0.0,0.0,1.0,0.8823529411764705,0.9639455009432345,0.9603496253353112,-0.3682976189659403,2.0,0,-0.2344579537689784,1.0,0
14086,0.0,0.0,0.0,0.05882352941176472,0.9639455009432345,0.9603496253353112,-0.3682976189659403,2.0,0,-0.42466468656174494,1.0,0
10262,1.0,0.0,1.0,0.823529411764706,0.9639455009432345,0.9603496253353112,-0.3682976189659403,2.0,1,1.9379031523378814,1.0,0
5198,1.0,0.0,0.33333333333333326,0.3529411764705882,-1.2305359223701604,-1.8300569120062369,3.067125080727987,0.0,0,-0.9552413622468305,0.0,1
11087,1.0,0.0,0.0,0.17647058823529405,-1.2305359223701604,-0.8542122452049276,-0.3682976189659403,1.0,0,-0.5548061353146905,1.0,0
13941,1.0,0.0,0.6666666666666665,0.5882352941176471,-0.011920409671395564,-0.08196753090913357,-0.3682976189659403,2.0,1,1.7877399422383289,1.0,0
5046,0.0,0.0,0.33333333333333326,0.2941176470588235,0.9639455009432345,0.9603496253353112,-0.3682976189659403,1.0,0,-0.6549149420477255,1.0,0
11667,0.0,0.0,0.0,0.17647058823529405,0.9639455009432345,0.9603496253353112,-0.3682976189659403,2.0,0,-0.1243382663626399,1.0,0
4991,0.0,1.0,0.6666666666666665,0.5294117647058824,-1.2305359223701604,-1.8300569120062369,3.067125080727987,0.0,0,-0.9552413622468305,0.0,1
8073,0.0,0.0,0.6666666666666665,0.6470588235294118,0.9639455009432345,0.9603496253353112,-0.3682976189659403,2.0,0,0.5564016194219982,1.0,0
8855,0.0,0.0,0.0,0.11764705882352944,-1.2305359223701604,-0.8542122452049276,3.067125080727987,0.0,0,-0.9552413622468305,0.0,1
12692,1.0,0.0,1.0,0.823529411764706,-0.011920409671395564,-0.08196753090913357,-0.3682976189659403,2.0,1,1.6575984934853834,1.0,0
6195,0.0,1.0,0.33333333333333326,0.4117647058823529,0.9639455009432345,0.9603496253353112,-0.3682976189659403,1.0,0,-0.5948496580079045,1.0,0
6934,0.0,0.0,1.0,0.823529411764706,0.9639455009432345,0.9603496253353112,2.488812017207411,1.0,0,-0.9452304815735271,0.0,1
4885,0.0,1.0,0.33333333333333326,0.4117647058823529,-1.2305359223701604,-1.8300569120062369,2.488812017207411,0.0,0,-0.965252242920134,0.0,1
4823,0.0,0.0,0.6666666666666665,0.6470588235294118,-1.2305359223701604,-1.8300569120062369,2.488812017207411,0.0,0,-0.965252242920134,0.0,1
14714,1.0,0.0,1.0,0.823529411764706,0.9639455009432345,0.9603496253353112,-0.3682976189659403,2.0,1,1.2371415052066363,1.0,0
7202,1.0,0.0,1.0,0.7647058823529412,0.9639455009432345,0.9603496253353112,-0.3682976189659403,1.0,0,-0.9151978395536166,0.0,1
6723,0.0,0.0,1.0,0.9999999999999999,0.9639455009432345,0.9603496253353112,-0.3682976189659403,2.0,0,0.5363798580753912,1.0,0
9663,1.0,0.0,0.6666666666666665,0.5882352941176471,-0.011920409671395564,-0.08196753090913357,-0.3682976189659403,1.0,0,-0.644904061374422,1.0,0
15554,1.0,0.0,0.6666666666666665,0.6470588235294118,0.9639455009432345,0.9603496253353112,-0.3682976189659403,2.0,1,1.3472611926129747,1.0,0
12488,0.0,0.0,1.0,0.823529411764706,0.9639455009432345,0.9603496253353112,-0.3682976189659403,2.0,1,1.6676093741586868,2.0,0
7318,0.0,0.0,0.0,0.17647058823529405,0.9639455009432345,0.9603496253353112,-0.3682976189659403,2.0,0,0.4763145740355702,1.0,0
10651,0.0,0.0,1.0,0.823529411764706,0.9639455009432345,0.9603496253353112,-0.3682976189659403,2.0,1,1.2471523858799398,2.0,0
4804,0.0,0.0,1.0,0.7647058823529412,-0.011920409671395564,-0.08196753090913357,-0.3682976189659403,0.0,0,-0.9952848849400445,0.0,1
14571,1.0,0.0,1.0,0.823529411764706,-0.011920409671395564,-0.08196753090913357,-0.3682976189659403,2.0,0,0.24606431854958966,1.0,0
13029,1.0,0.0,0.6666666666666665,0.5882352941176471,0.9639455009432345,0.9603496253353112,-0.3682976189659403,2.0,1,0.7466083522147647,2.0,0
3841,0.0,1.0,1.0,0.9999999999999999,-0.011920409671395564,-0.08196753090913357,-0.3682976189659403,0.0,0,-0.9952848849400445,0.0,1
14151,1.0,0.0,0.6666666666666665,0.6470588235294118,-0.011920409671395564,-0.08196753090913357,-0.3682976189659403,2.0,1,2.068044601090827,1.0,0
17267,0.0,0.0,0.0,0.05882352941176472,0.9639455009432345,0.9603496253353112,-0.3682976189659403,2.0,0,0.36619488662923166,1.0,0
12242,1.0,0.0,0.0,0.23529411764705876,0.9639455009432345,0.9603496253353112,-0.3682976189659403,2.0,1,0.7265865908681577,1.0,0
12898,1.0,0.0,0.6666666666666665,0.7058823529411765,0.9639455009432345,0.9603496253353112,-0.3682976189659403,1.0,0,-0.7049693454142429,1.0,0
12898,1.0,0.0,0.6666666666666665,0.7647058823529412,0.9639455009432345,0.9603496253353112,-0.3682976189659403,2.0,0,-0.20442531174906792,1.0,0
14781,1.0,0.0,0.6666666666666665,0.5294117647058824,-0.011920409671395564,-0.08196753090913357,-0.3682976189659403,2.0,0,0.025824943736912628,1.0,0
9443,0.0,0.0,1.0,0.8823529411764705,0.9639455009432345,0.9603496253353112,-0.3682976189659403,2.0,1,1.887848748971364,2.0,0
13727,0.0,0.0,0.6666666666666665,0.6470588235294118,0.9639455009432345,0.9603496253353112,-0.3682976189659403,2.0,0,0.13594463114325114,1.0,0
14178,1.0,0.0,1.0,0.823529411764706,-0.011920409671395564,-0.08196753090913357,-0.3682976189659403,2.0,0,-0.2644905957888889,1.0,0
12373,1.0,0.0,0.6666666666666665,0.5882352941176471,0.9639455009432345,0.9603496253353112,-0.3682976189659403,2.0,0,0.3061296025894107,1.0,0
14388,1.0,0.0,0.6666666666666665,0.6470588235294118,-0.011920409671395564,-0.08196753090913357,-0.3682976189659403,2.0,0,0.29611872191610716,1.0,0
9254,1.0,0.0,0.0,0.17647058823529405,0.9639455009432345,0.9603496253353112,-0.3682976189659403,2.0,1,2.5986212767759125,2.0,0
6117,0.0,0.0,0.6666666666666665,0.7058823529411765,-0.011920409671395564,-0.08196753090913357,-0.3682976189659403,2.0,1,1.0369238917405663,2.0,0
9946,0.0,1.0,1.0,0.823529411764706,-0.011920409671395564,-0.08196753090913357,-0.3682976189659403,2.0,0,-0.43467556723504847,1.0,0
13029,1.0,0.0,0.6666666666666665,0.5882352941176471,0.9639455009432345,0.9603496253353112,-0.3682976189659403,2.0,1,1.4473699993460099,2.0,0
13882,1.0,0.0,1.0,0.8823529411764705,0.9639455009432345,0.9603496253353112,-0.3682976189659403,2.0,1,1.9579249136844885,2.0,0
11622,0.0,0.0,0.0,0.05882352941176472,0.9639455009432345,0.9603496253353112,-0.3682976189659403,2.0,1,1.1170109371269943,2.0,0
8996,0.0,0.0,1.0,0.8823529411764705,-0.011920409671395564,-0.08196753090913357,-0.3682976189659403,1.0,0,-0.8150890328205815,1.0,0
7354,0.0,0.0,1.0,0.823529411764706,0.9639455009432345,0.9603496253353112,-0.3682976189659403,2.0,0,-0.2644905957888889,1.0,0
19225,1.0,0.0,0.0,0.05882352941176472,-1.2305359223701604,-0.8542122452049276,-0.3682976189659403,1.0,0,-0.5548061353146905,1.0,0
6412,0.0,0.0,0.6666666666666665,0.6470588235294118,0.9639455009432345,0.9603496253353112,-0.3682976189659403,2.0,0,-0.3245558798287099,1.0,0
12373,1.0,0.0,0.6666666666666665,0.5882352941176471,0.9639455009432345,0.9603496253353112,-0.3682976189659403,2.0,1,1.8377943456048464,1.0,0
6741,0.0,1.0,1.0,0.7647058823529412,0.9639455009432345,0.9603496253353112,-0.3682976058382679,1.0,0,-0.92520872022692,0.0,1
3384,0.0,0.0,0.0,0.23529411764705876,-1.7902032784930408,-0.8542122452049276,-0.3682976189659403,0.0,0,-1.0353284076332585,0.0,1
4409,0.0,1.0,0.33333333333333326,0.4117647058823529,-0.011920409671395564,-0.08196753090913357,-0.3682976189659403,0.0,0,-1.005295765613348,0.0,1
10262,1.0,0.0,1.0,0.9999999999999999,0.9639455009432345,0.9603496253353112,-0.3682976189659403,2.0,1,1.9379031523378814,1.0,0
11982,0.0,1.0,1.0,0.8823529411764705,-1.7902032784930408,-0.8542122452049276,-0.3682976189659403,0.0,0,-1.025317526959955,0.0,1
15107,0.0,0.0,0.6666666666666665,0.7058823529411765,-0.011920409671395564,-0.08196753090913357,-0.3682976189659403,2.0,1,1.0269130110672628,2.0,0
10262,1.0,0.0,1.0,0.8823529411764705,0.9639455009432345,0.9603496253353112,-0.3682976189659403,1.0,0,-0.584838777334601,1.0,0
6015,0.0,0.0,0.33333333333333326,0.4117647058823529,0.9639455009432345,0.9603496253353112,-0.3682976189659403,1.0,0,-0.9151978395536166,0.0,1
7408,0.0,0.0,1.0,0.8823529411764705,0.9639455009432345,0.9603496253353112,-0.3682976189659403,2.0,0,0.3762057673025352,1.0,0
11093,1.0,0.0,0.0,0.17647058823529405,0.9639455009432345,0.9603496253353112,-0.3682976189659403,2.0,1,0.8166845169278892,2.0,0
14151,1.0,0.0,1.0,0.823529411764706,-0.011920409671395564,-0.08196753090913357,-0.3682976189659403,2.0,1,1.427348237999403,1.0,0
8452,0.0,1.0,0.6666666666666665,0.7058823529411765,-0.011920409671395564,-0.08196753090913357,-0.3682976189659403,2.0,0,0.22604255720298266,1.0,0
14781,1.0,0.0,0.6666666666666665,0.5882352941176471,-0.011920409671395564,-0.08196753090913357,-0.3682976189659403,2.0,0,0.06586846643012663,1.0,0
4441,0.0,0.0,0.0,0.17647058823529405,-1.2305359223701604,-0.8542122452049276,-0.3647768598941265,0.0,0,-0.9752631235934375,0.0,1
10368,1.0,0.0,1.0,0.8823529411764705,0.9639455009432345,0.9603496253353112,-0.3682976189659403,2.0,1,1.4473699993460099,2.0,0
15434,0.0,0.0,0.0,0.0,-1.2305359223701604,-0.8542122452049276,-0.3682976189659403,2.0,1,1.7176637775252044,1.0,0
10493,0.0,0.0,0.0,0.23529411764705876,0.9639455009432345,0.9603496253353112,-0.3682976189659403,2.0,0,-0.43467556723504847,2.0,0
8855,0.0,0.0,0.0,0.0,-1.2305359223701604,-0.8542122452049276,2.488812017207411,0.0,0,-0.965252242920134,0.0,1
5228,0.0,0.0,0.6666666666666665,0.5294117647058824,-1.2305359223701604,-1.8300569120062369,-0.3647768598941265,0.0,0,-0.9752631235934375,0.0,1
10262,1.0,0.0,1.0,0.8823529411764705,0.9639455009432345,0.9603496253353112,-0.3682976189659403,2.0,1,0.7065648295215508,1.0,0
6121,0.0,0.0,0.6666666666666665,0.5882352941176471,-1.2305359223701604,-1.8300569120062369,2.488812017207411,0.0,0,-0.965252242920134,0.0,1
4049,0.0,0.0,1.0,0.823529411764706,-1.7902032784930408,-0.8542122452049276,-0.3682976189659403,0.0,0,-1.12542633369299,0.0,1
3597,0.0,1.0,1.0,0.9999999999999999,-1.7902032784930408,-0.8542122452049276,-0.3682976189659403,0.0,0,-1.0353284076332585,0.0,1
3911,0.0,1.0,0.6666666666666665,0.5882352941176471,-1.7902032784930408,-0.8542122452049276,-0.3682976189659403,0.0,0,-1.0353284076332585,0.0,1
3841,0.0,1.0,0.33333333333333326,0.3529411764705882,-0.011920409671395564,-0.08196753090913357,-0.3682976189659403,0.0,0,-1.025317526959955,0.0,1
7229,1.0,0.0,0.33333333333333326,0.47058823529411764,-1.2305359223701604,-1.8300569120062369,2.488812017207411,1.0,0,-0.9452304815735271,0.0,1
5176,0.0,0.0,0.33333333333333326,0.2941176470588235,-1.2305359223701604,-1.8300569120062369,-0.3647768598941265,0.0,0,-0.9752631235934375,0.0,1
8938,1.0,0.0,0.0,0.23529411764705876,0.9639455009432345,0.9603496253353112,-0.3682976189659403,2.0,1,2.8238660919252414,2.0,0
15029,1.0,0.0,0.0,0.05882352941176472,0.9639455009432345,0.9603496253353112,-0.3682976189659403,2.0,1,1.8377943456048464,1.0,0
6015,0.0,0.0,0.33333333333333326,0.4117647058823529,0.9639455009432345,0.9603496253353112,-0.3682976189659403,1.0,0,-0.9151978395536166,0.0,1
14871,0.0,0.0,0.0,0.0,0.9639455009432345,0.9603496253353112,-0.3682976189659403,2.0,0,0.11592286979664414,1.0,0
10678,0.0,0.0,1.0,0.8823529411764705,0.9639455009432345,0.9603496253353112,-0.3682976189659403,2.0,0,-0.38462116386853096,1.0,0
13339,1.0,0.0,0.0,0.17647058823529405,-0.011920409671395564,-0.08196753090913357,-0.3682976189659403,2.0,0,-0.1243382663626399,1.0,0
5769,1.0,0.0,1.0,0.823529411764706,-1.2305359223701604,-1.8300569120062369,3.067125080727987,0.0,0,-0.9552413622468305,0.0,1
14571,1.0,0.0,1.0,0.823529411764706,-0.011920409671395564,-0.08196753090913357,-0.3682976189659403,2.0,0,0.6164669034618192,1.0,0
4030,1.0,0.0,0.6666666666666665,0.7647058823529412,-1.2305359223701604,-1.8300569120062369,3.067125080727987,0.0,0,-0.9552413622468305,0.0,1
10262,1.0,0.0,1.0,0.823529411764706,0.9639455009432345,0.9603496253353112,-0.3682976189659403,2.0,1,1.487413522039224,1.0,0
13542,0.0,0.0,0.0,0.17647058823529405,0.9639455009432345,0.9603496253353112,-0.3682976189659403,2.0,0,-0.03424034030290838,1.0,0
8372,0.0,0.0,0.6666666666666665,0.7647058823529412,0.9639455009432345,0.9603496253353112,-0.3682976189659403,2.0,1,1.7276746581985079,1.0,0
6628,0.0,0.0,0.0,0.23529411764705876,0.9639455009432345,0.9603496253353112,-0.3682976189659403,2.0,0,0.4763145740355702,1.0,0
7074,0.0,1.0,0.0,0.0,-1.2305359223701604,-0.8542122452049276,2.488812017207411,0.0,0,-0.965252242920134,0.0,1
7832,1.0,0.0,0.0,0.17647058823529405,-1.2305359223701604,-0.8542122452049276,-0.3682976189659403,2.0,0,0.18599903450976865,1.0,0
15170,0.0,0.0,0.6666666666666665,0.7058823529411765,-0.011920409671395564,-0.08196753090913357,-0.3682976189659403,2.0,1,1.8978596296446675,2.0,0
3898,0.0,1.0,1.0,0.9411764705882352,-1.2305359223701604,-1.8300569120062369,-0.3647768598941265,0.0,0,-0.9752631235934375,0.0,1
9653,0.0,0.0,0.6666666666666665,0.5882352941176471,0.9639455009432345,0.9603496253353112,-0.3682976189659403,2.0,1,2.8238660919252414,2.0,0
4423,0.0,1.0,0.6666666666666665,0.5294117647058824,-1.2305359223701604,-1.8300569120062369,2.488812017207411,0.0,0,-0.965252242920134,0.0,1
4441,0.0,0.0,0.33333333333333326,0.2941176470588235,-1.2305359223701604,-1.8300569120062369,2.488812017207411,0.0,0,-0.965252242920134,0.0,1
8820,0.0,1.0,0.6666666666666665,0.5882352941176471,-0.011920409671395564,-0.08196753090913357,-0.3682976189659403,2.0,1,1.7977508229116324,1.0,0
8824,1.0,0.0,0.0,0.17647058823529405,-0.011920409671395564,-0.08196753090913357,-0.3682976189659403,2.0,0,0.6264777841351227,1.0,0
11752,0.0,0.0,1.0,0.823529411764706,-0.011920409671395564,-0.08196753090913357,-0.3682976189659403,2.0,1,1.2071088631867257,2.0,0
5177,1.0,0.0,0.33333333333333326,0.2941176470588235,0.9639455009432345,0.9603496253353112,-0.3682976189659403,1.0,0,-0.7049693454142429,1.0,0
3919,0.0,1.0,0.33333333333333326,0.2941176470588235,-1.2305359223701604,-1.8300569120062369,2.488812017207411,0.0,0,-0.965252242920134,0.0,1
12242,1.0,0.0,0.0,0.23529411764705876,0.9639455009432345,0.9603496253353112,-0.3682976189659403,2.0,0,-0.20442531174906792,1.0,0
7503,0.0,0.0,0.6666666666666665,0.6470588235294118,0.9639455009432345,0.9603496253353112,-0.3682976189659403,2.0,0,0.10591198912334064,1.0,0
12192,0.0,0.0,1.0,0.7647058823529412,0.9639455009432345,0.9603496253353112,-0.3682976189659403,2.0,0,0.015814063063609125,1.0,0
11982,0.0,1.0,0.6666666666666665,0.7058823529411765,-1.7902032784930408,-0.8542122452049276,-0.3682976189659403,0.0,0,-1.025317526959955,0.0,1
7532,0.0,0.0,0.0,0.17647058823529405,0.9639455009432345,0.9603496253353112,-0.3682976189659403,2.0,1,1.9779466750310954,1.0,0
5678,1.0,0.0,0.6666666666666665,0.6470588235294118,-1.7902032784930408,-0.8542122452049276,-0.3682976189659403,0.0,0,-1.1354372143662936,0.0,1
6253,0.0,1.0,1.0,0.8823529411764705,0.9639455009432345,0.9603496253353112,-0.3682976189659403,1.0,0,-0.644904061374422,1.0,0
13942,0.0,0.0,0.0,0.05882352941176472,-1.2305359223701604,-0.8542122452049276,-0.3682976189659403,2.0,0,0.4562928126889632,2.0,0
13381,0.0,0.0,1.0,0.9999999999999999,0.9639455009432345,0.9603496253353112,-0.3682976189659403,2.0,1,1.4573808800193133,2.0,0
12488,0.0,0.0,1.0,0.8823529411764705,0.9639455009432345,0.9603496253353112,-0.3682976189659403,2.0,0,0.14595551181655464,2.0,0
12242,1.0,0.0,0.0,0.17647058823529405,0.9639455009432345,0.9603496253353112,-0.3682976189659403,1.0,0,-0.6348931807011184,1.0,0
4823,0.0,0.0,0.6666666666666665,0.5294117647058824,-1.2305359223701604,-1.8300569120062369,3.067125080727987,0.0,0,-0.9552413622468305,0.0,1
8341,0.0,0.0,0.33333333333333326,0.3529411764705882,0.9639455009432345,0.9603496253353112,-0.3682976189659403,2.0,1,1.2471523858799398,2.0,0
6038,0.0,0.0,0.0,0.0,-0.011920409671395564,-0.08196753090913357,-0.3682976058382679,0.0,0,-0.985274004266741,0.0,1
4483,0.0,1.0,0.33333333333333326,0.3529411764705882,-1.2305359223701604,-1.8300569120062369,2.488812017207411,0.0,0,-0.965252242920134,0.0,1
9627,0.0,0.0,0.6666666666666665,0.7647058823529412,0.9639455009432345,0.9603496253353112,-0.3682976189659403,2.0,0,-0.04425122097621188,1.0,0
3873,0.0,1.0,0.33333333333333326,0.47058823529411764,-0.011920409671395564,-0.08196753090913357,-0.3682976189659403,0.0,0,-1.025317526959955,0.0,1
8452,0.0,1.0,0.6666666666666665,0.5294117647058824,-0.011920409671395564,-0.08196753090913357,-0.3682976189659403,2.0,0,0.6264777841351227,1.0,0
5158,0.0,1.0,1.0,0.8823529411764705,0.9639455009432345,0.9603496253353112,-0.3682976189659403,1.0,0,-0.765034629454064,1.0,0
8576,0.0,0.0,0.6666666666666665,0.7058823529411765,-0.011920409671395564,-0.08196753090913357,-0.3682976189659403,2.0,0,0.5063472160554807,1.0,0
14657,1.0,0.0,0.6666666666666665,0.5882352941176471,0.9639455009432345,0.9603496253353112,-0.3682976189659403,2.0,1,1.9379031523378814,2.0,0
5021,0.0,0.0,0.33333333333333326,0.2941176470588235,0.9639455009432345,0.9603496253353112,-0.3682976189659403,1.0,0,-0.9151978395536166,0.0,1
5797,0.0,0.0,1.0,0.9999999999999999,0.9639455009432345,0.9603496253353112,-0.3682976189659403,2.0,0,-0.07428386299612239,1.0,0
3943,0.0,0.0,1.0,0.9411764705882352,-1.2305359223701604,-1.8300569120062369,2.488812017207411,0.0,0,-0.965252242920134,0.0,1
10262,1.0,0.0,1.0,0.8823529411764705,0.9639455009432345,0.9603496253353112,-0.3682976189659403,1.0,0,-0.6348931807011184,1.0,0
3919,0.0,1.0,0.33333333333333326,0.2941176470588235,-1.2305359223701604,-1.8300569120062369,3.067125080727987,0.0,0,-0.9552413622468305,0.0,1
4482,0.0,1.0,0.0,0.17647058823529405,-1.2305359223701604,-0.8542122452049276,-0.3647768598941265,0.0,0,-0.9752631235934375,0.0,1
10844,1.0,0.0,1.0,0.823529411764706,-0.011920409671395564,-0.08196753090913357,-0.3682976189659403,2.0,1,1.887848748971364,1.0,0
3943,0.0,0.0,1.0,0.823529411764706,-1.2305359223701604,-1.8300569120062369,-0.3647768598941265,0.0,0,-0.9752631235934375,0.0,1
3100,0.0,0.0,0.6666666666666665,0.7647058823529412,-1.7902032784930408,-0.8542122452049276,-0.3682976189659403,0.0,0,-1.145448095039597,0.0,1
3687,0.0,1.0,0.6666666666666665,0.5294117647058824,-1.7902032784930408,-0.8542122452049276,-0.3682976189659403,0.0,0,-1.0353284076332585,0.0,1
10037,1.0,0.0,0.0,0.05882352941176472,-1.2305359223701604,-0.8542122452049276,-0.3682976189659403,2.0,0,-0.20442531174906792,1.0,0
15898,0.0,0.0,0.6666666666666665,0.7647058823529412,0.9639455009432345,0.9603496253353112,-0.3682976189659403,1.0,0,-0.5548061353146905,1.0,0
15339,1.0,0.0,1.0,0.9999999999999999,0.9639455009432345,0.9603496253353112,-0.3682976189659403,2.0,1,1.4774026413659203,2.0,0
21829,0.0,0.0,0.0,0.05882352941176472,0.9639455009432345,0.9603496253353112,-0.3682976189659403,2.0,0,-0.1743926697291574,3.0,0
15129,1.0,0.0,0.6666666666666665,0.6470588235294118,0.9639455009432345,0.9603496253353112,-0.3682976189659403,2.0,1,2.2182078111903794,2.0,0
6270,0.0,0.0,0.33333333333333326,0.3529411764705882,0.9639455009432345,0.9603496253353112,-0.3682976189659403,2.0,0,-0.04425122097621188,1.0,0
13817,1.0,0.0,0.0,0.11764705882352944,-1.2305359223701604,-0.8542122452049276,-0.3682976189659403,2.0,0,0.5564016194219982,1.0,0
3625,0.0,1.0,0.6666666666666665,0.7058823529411765,-1.2305359223701604,-1.8300569120062369,2.488812017207411,0.0,0,-0.965252242920134,0.0,1
26890,1.0,0.0,0.0,0.0,-1.2305359223701604,-0.8542122452049276,-0.3682976189659403,2.0,0,0.06586846643012663,1.0,0
4804,0.0,0.0,0.33333333333333326,0.47058823529411764,-0.011920409671395564,-0.08196753090913357,-0.3682976189659403,0.0,0,-0.9952848849400445,0.0,1
6442,0.0,0.0,1.0,0.7647058823529412,0.9639455009432345,0.9603496253353112,-0.3682976189659403,2.0,0,0.4863254547088737,1.0,0
3943,0.0,0.0,1.0,0.9999999999999999,-1.2305359223701604,-1.8300569120062369,2.488812017207411,0.0,0,-0.965252242920134,0.0,1
7832,1.0,0.0,0.0,0.17647058823529405,-1.2305359223701604,-0.8542122452049276,-0.3682976189659403,2.0,0,-0.20442531174906792,1.0,0
14641,0.0,0.0,0.0,0.05882352941176472,0.9639455009432345,0.9603496253353112,-0.3682976189659403,2.0,1,1.7877399422383289,2.0,0
8361,0.0,0.0,0.6666666666666665,0.6470588235294118,0.9639455009432345,0.9603496253353112,-0.3682976189659403,2.0,0,0.4462819320156597,1.0,0
4959,0.0,1.0,1.0,0.8823529411764705,0.9639455009432345,0.9603496253353112,-0.3682976189659403,2.0,0,-0.2244470730956749,1.0,0
4632,0.0,1.0,0.33333333333333326,0.4117647058823529,-1.2305359223701604,-1.8300569120062369,3.067125080727987,0.0,0,-0.9552413622468305,0.0,1
5198,1.0,0.0,0.6666666666666665,0.6470588235294118,-1.2305359223701604,-1.8300569120062369,2.488812017207411,1.0,0,-0.9452304815735271,0.0,1
4804,0.0,0.0,1.0,0.9999999999999999,-0.011920409671395564,-0.08196753090913357,-0.3682976189659403,0.0,0,-0.9952848849400445,0.0,1
12507,0.0,0.0,0.6666666666666665,0.7647058823529412,0.9639455009432345,0.9603496253353112,-0.3682976189659403,2.0,0,-0.2244470730956749,1.0,0
10151,0.0,0.0,1.0,0.823529411764706,-0.011920409671395564,-0.08196753090913357,-0.3682976189659403,2.0,1,1.0869782951070839,2.0,0
4049,0.0,0.0,0.0,0.17647058823529405,-1.7902032784930408,-0.8542122452049276,-0.3682976189659403,0.0,0,-1.1354372143662936,0.0,1
6007,0.0,0.0,1.0,0.9999999999999999,0.9639455009432345,0.9603496253353112,-0.3682976189659403,2.0,0,0.4963363353821772,1.0,0
12646,0.0,0.0,1.0,0.8823529411764705,0.9639455009432345,0.9603496253353112,-0.3682976189659403,2.0,1,2.3383383792700214,2.0,0
11570,0.0,0.0,0.0,0.0,-1.2305359223701604,-0.8542122452049276,-0.3682976189659403,2.0,0,0.5363798580753912,2.0,0
13377,0.0,0.0,1.0,0.9999999999999999,0.9639455009432345,0.9603496253353112,-0.3682976189659403,2.0,0,-0.43467556723504847,1.0,0
13292,1.0,0.0,1.0,0.8823529411764705,0.9639455009432345,0.9603496253353112,-0.3682976189659403,2.0,1,0.9568368463541382,2.0,0
5678,1.0,0.0,0.33333333333333326,0.2941176470588235,-1.7902032784930408,-0.8542122452049276,-0.3682976189659403,0.0,0,-1.1354372143662936,0.0,1
6314,0.0,0.0,1.0,0.823529411764706,0.9639455009432345,0.9603496253353112,-0.3682976189659403,2.0,0,-0.054262101649515386,1.0,0
10348,0.0,0.0,0.6666666666666665,0.6470588235294118,0.9639455009432345,0.9603496253353112,-0.3682976189659403,2.0,0,0.22604255720298266,1.0,0
17057,0.0,0.0,0.0,0.0,0.9639455009432345,0.9603496253353112,-0.3682976189659403,2.0,0,0.025824943736912628,1.0,0
9794,0.0,0.0,0.6666666666666665,0.6470588235294118,0.9639455009432345,0.9603496253353112,-0.3682976189659403,2.0,0,-0.2644905957888889,1.0,0
10203,0.0,0.0,0.6666666666666665,0.5294117647058824,-0.011920409671395564,-0.08196753090913357,-0.3682976189659403,1.0,0,-0.5548061353146905,1.0,0
10262,1.0,0.0,1.0,0.9999999999999999,0.9639455009432345,0.9603496253353112,-0.3682976189659403,2.0,0,-0.06427298232281889,1.0,0
6094,0.0,0.0,1.0,0.823529411764706,0.9639455009432345,0.9603496253353112,2.488812017207411,1.0,0,-0.9452304815735271,0.0,1
5930,0.0,0.0,0.33333333333333326,0.2941176470588235,-0.011920409671395564,-0.08196753090913357,-0.3682976189659403,1.0,0,-0.6749367033943325,1.0,0
14897,0.0,0.0,0.6666666666666665,0.7058823529411765,-0.011920409671395564,-0.08196753090913357,-0.3682976189659403,2.0,1,1.0969891757803873,2.0,0
8529,1.0,0.0,1.0,0.8823529411764705,-0.011920409671395564,-0.08196753090913357,-0.3682976189659403,2.0,1,2.1381207658039516,1.0,0
7438,1.0,0.0,0.0,0.23529411764705876,0.9639455009432345,0.9603496253353112,-0.3682976189659403,2.0,1,1.1770762211668153,1.0,0
14300,1.0,0.0,1.0,0.8823529411764705,0.9639455009432345,0.9603496253353112,-0.3682976189659403,2.0,1,2.1080881237840408,2.0,0
8066,1.0,0.0,0.6666666666666665,0.5882352941176471,-0.011920409671395564,-0.08196753090913357,-0.3682976189659403,2.0,0,0.43627105134235616,1.0,0
7832,1.0,0.0,0.0,0.17647058823529405,-1.2305359223701604,-0.8542122452049276,-0.3682976189659403,2.0,0,0.4963363353821772,1.0,0
5636,0.0,0.0,1.0,0.823529411764706,0.9639455009432345,0.9603496253353112,-0.3682976189659403,1.0,0,-0.6549149420477255,1.0,0
6540,1.0,0.0,0.0,0.23529411764705876,0.9639455009432345,0.9603496253353112,-0.3682976189659403,2.0,0,0.18599903450976865,1.0,0
8040,1.0,0.0,0.6666666666666665,0.7058823529411765,-1.7902032784930408,-0.8542122452049276,-0.3682976189659403,0.0,0,-1.1354372143662936,0.0,1
10844,1.0,0.0,0.6666666666666665,0.7058823529411765,-0.011920409671395564,-0.08196753090913357,-0.3682976189659403,2.0,0,-0.1243382663626399,1.0,0
3873,0.0,1.0,0.6666666666666665,0.7058823529411765,-0.011920409671395564,-0.08196753090913357,-0.3682976189659403,0.0,0,-1.025317526959955,0.0,1
11098,0.0,0.0,0.0,0.17647058823529405,0.9639455009432345,0.9603496253353112,-0.3682976189659403,2.0,0,0.38621664797583866,1.0,0
14714,1.0,0.0,1.0,0.823529411764706,0.9639455009432345,0.9603496253353112,-0.3682976189659403,2.0,0,0.34617312528262467,1.0,0
9863,0.0,0.0,1.0,0.7647058823529412,0.9639455009432345,0.9603496253353112,-0.3682976189659403,2.0,1,1.887848748971364,2.0,0
14781,1.0,0.0,0.6666666666666665,0.6470588235294118,-0.011920409671395564,-0.08196753090913357,-0.3682976189659403,2.0,0,0.38621664797583866,1.0,0
5351,0.0,1.0,0.33333333333333326,0.3529411764705882,0.9639455009432345,0.9603496253353112,-0.3682976189659403,1.0,0,-0.6749367033943325,1.0,0
10844,1.0,0.0,0.6666666666666665,0.7058823529411765,-0.011920409671395564,-0.08196753090913357,-0.3682976189659403,2.0,0,-0.1243382663626399,1.0,0
7532,0.0,0.0,0.0,0.17647058823529405,0.9639455009432345,0.9603496253353112,-0.3682976189659403,2.0,1,1.5374679254057413,1.0,0
11822,1.0,0.0,0.33333333333333326,0.3529411764705882,0.9639455009432345,0.9603496253353112,-0.3682976189659403,2.0,0,0.34617312528262467,1.0,0
3873,0.0,1.0,0.6666666666666665,0.7647058823529412,-0.011920409671395564,-0.08196753090913357,-0.3682976189659403,0.0,0,-0.9952848849400445,0.0,1
8372,0.0,0.0,1.0,0.823529411764706,0.9639455009432345,0.9603496253353112,-0.3682976189659403,2.0,0,-0.02422945962960488,1.0,0
12898,1.0,0.0,0.6666666666666665,0.7058823529411765,0.9639455009432345,0.9603496253353112,-0.3682976189659403,1.0,0,-0.5147626126214765,1.0,0
7268,0.0,0.0,1.0,0.9999999999999999,0.9639455009432345,0.9603496253353112,-0.3682976189659403,2.0,0,0.28610784124280364,1.0,0
8879,0.0,0.0,0.6666666666666665,0.6470588235294118,0.9639455009432345,0.9603496253353112,-0.3682976189659403,2.0,0,0.04584670508351963,1.0,0
13292,1.0,0.0,1.0,0.823529411764706,0.9639455009432345,0.9603496253353112,-0.3682976189659403,2.0,1,0.9568368463541382,2.0,0
6741,0.0,1.0,0.6666666666666665,0.6470588235294118,0.9639455009432345,0.9603496253353112,-0.3682976058382679,1.0,0,-0.92520872022692,0.0,1
7308,0.0,0.0,0.6666666666666665,0.7647058823529412,0.9639455009432345,0.9603496253353112,-0.3682976189659403,2.0,0,-0.3445776411753169,1.0,0
6195,0.0,1.0,0.6666666666666665,0.7058823529411765,0.9639455009432345,0.9603496253353112,-0.3682976189659403,2.0,0,-0.2244470730956749,1.0,0
14424,0.0,0.0,0.6666666666666665,0.5294117647058824,-0.011920409671395564,-0.08196753090913357,-0.3682976189659403,2.0,1,1.3873047153061888,2.0,0
8073,0.0,0.0,0.6666666666666665,0.6470588235294118,0.9639455009432345,0.9603496253353112,-0.3682976189659403,2.0,0,0.2560751992228932,1.0,0
12649,0.0,0.0,0.0,0.0,-1.2305359223701604,-0.8542122452049276,2.488812017207411,0.0,0,-0.965252242920134,0.0,1
18799,1.0,0.0,0.0,0.0,0.9639455009432345,0.9603496253353112,-0.3682976189659403,2.0,1,1.4573808800193133,2.0,0
12373,1.0,0.0,0.6666666666666665,0.5882352941176471,0.9639455009432345,0.9603496253353112,-0.3682976189659403,1.0,0,-0.584838777334601,1.0,0
12476,0.0,1.0,0.0,0.0,-1.2305359223701604,-0.8542122452049276,-0.3682976189659403,1.0,0,-0.5948496580079045,1.0,0
6245,0.0,0.0,0.33333333333333326,0.2941176470588235,-0.011920409671395564,-0.08196753090913357,-0.3682976189659403,0.0,0,-1.005295765613348,0.0,1
6795,0.0,0.0,1.0,0.8823529411764705,0.9639455009432345,0.9603496253353112,-0.3682976189659403,2.0,0,0.5163580967287842,1.0,0
9918,0.0,1.0,0.0,0.05882352941176472,-1.2305359223701604,-0.8542122452049276,-0.3682976058382679,0.0,0,-0.985274004266741,0.0,1
7741,0.0,0.0,1.0,0.9999999999999999,0.9639455009432345,0.9603496253353112,-0.3682976189659403,2.0,0,-0.2344579537689784,1.0,0
10262,1.0,0.0,1.0,0.8823529411764705,0.9639455009432345,0.9603496253353112,-0.3682976189659403,2.0,1,0.7766409942346753,1.0,0
7006,0.0,0.0,0.6666666666666665,0.7058823529411765,0.9639455009432345,0.9603496253353112,-0.3682976189659403,2.0,0,0.41624928999574917,1.0,0
3100,0.0,0.0,1.0,0.823529411764706,-1.7902032784930408,-0.8542122452049276,-0.3682976189659403,0.0,0,-1.145448095039597,0.0,1
13067,1.0,0.0,0.6666666666666665,0.5882352941176471,-0.011920409671395564,-0.08196753090913357,-0.3682976189659403,2.0,1,1.2671741472265468,1.0,0
4804,0.0,0.0,1.0,0.823529411764706,-0.011920409671395564,-0.08196753090913357,-0.3682976189659403,0.0,0,-0.9952848849400445,0.0,1
4332,0.0,0.0,0.6666666666666665,0.6470588235294118,-1.7902032784930408,-0.8542122452049276,-0.3682976189659403,0.0,0,-1.0153066462866516,0.0,1
4423,0.0,0.0,0.6666666666666665,0.6470588235294118,-1.2305359223701604,-1.8300569120062369,2.488812017207411,0.0,0,-0.965252242920134,0.0,1
6955,0.0,0.0,0.0,0.17647058823529405,-1.2305359223701604,-0.8542122452049276,-0.3682976189659403,2.0,0,0.5363798580753912,1.0,0
6416,0.0,0.0,1.0,0.7647058823529412,0.9639455009432345,0.9603496253353112,-0.3682976189659403,2.0,0,0.19600991518307215,1.0,0
4823,0.0,0.0,0.6666666666666665,0.7647058823529412,-1.2305359223701604,-1.8300569120062369,3.067125080727987,0.0,0,-0.9552413622468305,0.0,1
4668,0.0,1.0,0.6666666666666665,0.5294117647058824,-1.2305359223701604,-1.8300569120062369,2.488812017207411,0.0,0,-0.965252242920134,0.0,1
4823,0.0,0.0,1.0,0.823529411764706,-1.2305359223701604,-1.8300569120062369,3.067125080727987,0.0,0,-0.9552413622468305,0.0,1
10953,1.0,0.0,0.6666666666666665,0.5882352941176471,-0.011920409671395564,-0.08196753090913357,-0.3682976189659403,2.0,1,1.9579249136844885,1.0,0
15419,0.0,0.0,1.0,0.8823529411764705,0.9639455009432345,0.9603496253353112,-0.3682976189659403,2.0,0,0.36619488662923166,3.0,0
10262,1.0,0.0,1.0,0.823529411764706,0.9639455009432345,0.9603496253353112,-0.3682976189659403,1.0,0,-0.6348931807011184,1.0,0
14714,1.0,0.0,1.0,0.823529411764706,0.9639455009432345,0.9603496253353112,-0.3682976189659403,2.0,0,-0.40464292521513795,1.0,0
14053,1.0,0.0,0.0,0.05882352941176472,0.9639455009432345,0.9603496253353112,-0.3682976189659403,2.0,1,1.9178813909912744,1.0,0
11507,1.0,0.0,1.0,0.823529411764706,0.9639455009432345,0.9603496253353112,-0.3682976189659403,2.0,0,0.31614048326271416,2.0,0
13259,0.0,0.0,1.0,0.823529411764706,0.9639455009432345,0.9603496253353112,-0.3682976189659403,1.0,0,-0.5147626126214765,1.0,0
8016,1.0,0.0,1.0,0.9411764705882352,-1.2305359223701604,-1.8300569120062369,3.067125080727987,0.0,0,-0.9552413622468305,0.0,1
11982,0.0,1.0,1.0,0.9999999999999999,-1.7902032784930408,-0.8542122452049276,-0.3682976189659403,0.0,0,-1.025317526959955,0.0,1
12898,1.0,0.0,0.6666666666666665,0.7647058823529412,0.9639455009432345,0.9603496253353112,-0.3682976189659403,2.0,1,1.8377943456048464,1.0,0
5198,1.0,0.0,0.6666666666666665,0.5882352941176471,-1.2305359223701604,-1.8300569120062369,3.067125080727987,0.0,0,-0.9552413622468305,0.0,1
3809,0.0,0.0,0.6666666666666665,0.5294117647058824,-0.011920409671395564,-0.08196753090913357,-0.3682976189659403,1.0,0,-0.7750455101273674,1.0,0
13002,0.0,0.0,0.0,0.0,0.9639455009432345,0.9603496253353112,-0.3682976189659403,2.0,1,0.7165757101948542,1.0,0
10203,0.0,0.0,0.6666666666666665,0.6470588235294118,-0.011920409671395564,-0.08196753090913357,-0.3682976189659403,2.0,1,1.567500567425652,1.0,0
10791,0.0,0.0,1.0,0.9999999999999999,0.9639455009432345,0.9603496253353112,-0.3682976189659403,2.0,0,0.2560751992228932,1.0,0
8937,0.0,0.0,1.0,0.7647058823529412,0.9639455009432345,0.9603496253353112,-0.3682976189659403,2.0,0,-0.01421857895630138,1.0,0
10844,1.0,0.0,0.6666666666666665,0.7058823529411765,-0.011920409671395564,-0.08196753090913357,-0.3682976189659403,2.0,1,1.887848748971364,1.0,0
7817,0.0,0.0,0.0,0.05882352941176472,-1.7902032784930408,-0.8542122452049276,-0.3682976189659403,0.0,0,-1.0353284076332585,0.0,1
7664,0.0,0.0,0.0,0.11764705882352944,-1.2305359223701604,-0.8542122452049276,-0.3682976189659403,2.0,1,2.328327498596718,2.0,0
10262,1.0,0.0,1.0,0.8823529411764705,0.9639455009432345,0.9603496253353112,-0.3682976189659403,2.0,1,0.7165757101948542,1.0,0
4804,0.0,0.0,0.6666666666666665,0.6470588235294118,-0.011920409671395564,-0.08196753090913357,-0.3682976189659403,0.0,0,-0.9952848849400445,0.0,1
10991,0.0,0.0,0.6666666666666665,0.5882352941176471,-0.011920409671395564,-0.08196753090913357,-0.3682976189659403,2.0,0,0.4462819320156597,2.0,0
10262,1.0,0.0,1.0,0.9999999999999999,0.9639455009432345,0.9603496253353112,-0.3682976189659403,2.0,1,1.5274570447324378,1.0,0
3257,0.0,1.0,0.6666666666666665,0.7647058823529412,-1.2305359223701604,-1.8300569120062369,-0.3682976058382679,0.0,0,-0.985274004266741,0.0,1
7229,1.0,0.0,0.33333333333333326,0.47058823529411764,-1.2305359223701604,-1.8300569120062369,2.488812017207411,1.0,0,-0.9452304815735271,0.0,1
9359,0.0,0.0,1.0,0.8823529411764705,0.9639455009432345,0.9603496253353112,-0.3682976189659403,2.0,0,-0.10431650501603289,1.0,0
13591,0.0,0.0,1.0,0.823529411764706,0.9639455009432345,0.9603496253353112,-0.3682976189659403,2.0,1,1.4573808800193133,2.0,0
10844,1.0,0.0,0.6666666666666665,0.5882352941176471,-0.011920409671395564,-0.08196753090913357,-0.3682976189659403,2.0,0,-0.1643817890558539,1.0,0
3807,0.0,1.0,1.0,0.9999999999999999,-0.011920409671395564,-0.08196753090913357,-0.3682976189659403,0.0,0,-1.005295765613348,0.0,1
6558,0.0,0.0,0.0,0.17647058823529405,0.9639455009432345,0.9603496253353112,-0.3682976189659403,2.0,0,-0.2745014764621924,1.0,0
4668,0.0,1.0,0.6666666666666665,0.7647058823529412,-1.2305359223701604,-1.8300569120062369,2.488812017207411,0.0,0,-0.965252242920134,0.0,1
7120,0.0,1.0,1.0,0.823529411764706,-1.2305359223701604,-1.8300569120062369,2.488812017207411,0.0,0,-0.965252242920134,0.0,1
12898,1.0,0.0,0.6666666666666665,0.7058823529411765,0.9639455009432345,0.9603496253353112,-0.3682976189659403,2.0,0,0.5463907387486947,1.0,0
13377,0.0,0.0,1.0,0.9999999999999999,0.9639455009432345,0.9603496253353112,-0.3682976189659403,2.0,0,-0.1643817890558539,1.0,0
3702,1.0,0.0,0.6666666666666665,0.5882352941176471,-1.2305359223701604,-1.8300569120062369,-0.3647768598941265,1.0,0,-0.9352196009002235,0.0,1
12767,1.0,0.0,0.0,0.17647058823529405,0.9639455009432345,0.9603496253353112,-0.3682976189659403,2.0,0,-0.004207698282997878,1.0,0
16079,1.0,0.0,0.6666666666666665,0.7058823529411765,0.9639455009432345,0.9603496253353112,-0.3682976189659403,2.0,1,1.1170109371269943,1.0,0
8610,0.0,1.0,0.6666666666666665,0.5882352941176471,-0.011920409671395564,-0.08196753090913357,-0.3682976189659403,2.0,1,1.5775114480989554,1.0,0
6824,0.0,0.0,0.0,0.17647058823529405,-1.2305359223701604,-0.8542122452049276,-0.3682976189659403,2.0,0,0.4262601706690527,1.0,0
14441,1.0,0.0,1.0,0.9999999999999999,0.9639455009432345,0.9603496253353112,-0.3682976189659403,2.0,0,-0.45469732858165546,2.0,0
3332,0.0,1.0,0.0,0.23529411764705876,-1.7902032784930408,-0.8542122452049276,-0.3682976189659403,0.0,0,-1.025317526959955,0.0,1
10151,0.0,0.0,1.0,0.823529411764706,-0.011920409671395564,-0.08196753090913357,-0.3682976189659403,2.0,1,2.3583601406166284,2.0,0
10262,1.0,0.0,1.0,0.9999999999999999,0.9639455009432345,0.9603496253353112,-0.3682976189659403,2.0,1,1.1170109371269943,1.0,0
14300,1.0,0.0,1.0,0.8823529411764705,0.9639455009432345,0.9603496253353112,-0.3682976189659403,2.0,1,1.1270218178002978,2.0,0
14388,1.0,0.0,0.6666666666666665,0.5882352941176471,-0.011920409671395564,-0.08196753090913357,-0.3682976189659403,2.0,0,0.5163580967287842,1.0,0
3543,0.0,1.0,0.6666666666666665,0.7058823529411765,-1.7902032784930408,-0.8542122452049276,-0.3682976189659403,0.0,0,-1.025317526959955,0.0,1
14714,1.0,0.0,1.0,0.8823529411764705,0.9639455009432345,0.9603496253353112,-0.3682976189659403,2.0,1,0.7065648295215508,1.0,0
14687,0.0,0.0,0.6666666666666665,0.5294117647058824,-0.011920409671395564,-0.08196753090913357,-0.3682976189659403,2.0,1,1.0969891757803873,2.0,0
13587,0.0,0.0,1.0,0.8823529411764705,0.9639455009432345,0.9603496253353112,-0.3682976189659403,2.0,0,0.2560751992228932,1.0,0
14178,1.0,0.0,0.6666666666666665,0.7058823529411765,-0.011920409671395564,-0.08196753090913357,-0.3682976189659403,2.0,0,0.025824943736912628,1.0,0
8452,0.0,1.0,0.6666666666666665,0.7058823529411765,-0.011920409671395564,-0.08196753090913357,-0.3682976189659403,2.0,1,1.8578161069514534,1.0,0
6093,0.0,0.0,1.0,0.8823529411764705,0.9639455009432345,0.9603496253353112,-0.3682976189659403,2.0,0,0.15596639248985814,1.0,0
5567,0.0,0.0,0.0,0.17647058823529405,-0.011920409671395564,-0.08196753090913357,-0.3682976189659403,2.0,0,0.6264777841351227,1.0,0
9314,1.0,0.0,0.6666666666666665,0.5882352941176471,-0.011920409671395564,-0.08196753090913357,-0.3682976189659403,2.0,1,2.1581425271505585,1.0,0
17024,1.0,0.0,0.0,0.0,0.9639455009432345,0.9603496253353112,-0.3682976189659403,2.0,0,-0.1243382663626399,1.0,0
12284,1.0,0.0,0.0,0.17647058823529405,-1.2305359223701604,-0.8542122452049276,-0.3682976189659403,1.0,0,-0.6749367033943325,1.0,0
4878,0.0,1.0,1.0,0.9411764705882352,-1.2305359223701604,-1.8300569120062369,-0.3682976189659403,0.0,0,-0.9952848849400445,0.0,1
11087,1.0,0.0,0.0,0.17647058823529405,-1.2305359223701604,-0.8542122452049276,-0.3682976189659403,2.0,1,0.7966627555812823,1.0,0
5583,0.0,1.0,1.0,0.823529411764706,0.9639455009432345,0.9603496253353112,-0.3682976189659403,1.0,0,-0.6749367033943325,1.0,0
17549,1.0,0.0,0.0,0.05882352941176472,0.9639455009432345,0.9603496253353112,-0.3682976189659403,2.0,1,1.147043579146905,1.0,0
4777,0.0,0.0,0.0,0.05882352941176472,-1.2305359223701604,-0.8542122452049276,2.488812017207411,0.0,0,-0.965252242920134,0.0,1
10678,0.0,0.0,1.0,0.8823529411764705,0.9639455009432345,0.9603496253353112,-0.3682976189659403,2.0,0,0.38621664797583866,1.0,0
5515,0.0,1.0,0.0,0.0,-0.011920409671395564,-0.08196753090913357,-0.3682976189659403,0.0,0,-1.025317526959955,0.0,1
12723,0.0,0.0,0.6666666666666665,0.6470588235294118,-0.011920409671395564,-0.08196753090913357,-0.3682976189659403,2.0,1,2.3783819019632353,2.0,0
11538,1.0,0.0,0.0,0.17647058823529405,0.9639455009432345,0.9603496253353112,-0.3682976189659403,2.0,1,1.3472611926129747,2.0,0
8085,0.0,1.0,1.0,0.8823529411764705,-0.011920409671395564,-0.08196753090913357,-0.3682976189659403,2.0,1,1.5775114480989554,1.0,0
13377,0.0,0.0,1.0,0.823529411764706,0.9639455009432345,0.9603496253353112,-0.3682976189659403,2.0,0,0.19600991518307215,1.0,0
7229,1.0,0.0,0.6666666666666665,0.6470588235294118,-1.2305359223701604,-1.8300569120062369,-0.3647768598941265,0.0,0,-0.9752631235934375,0.0,1
4483,0.0,1.0,0.6666666666666665,0.5882352941176471,-1.2305359223701604,-1.8300569120062369,2.488812017207411,0.0,0,-0.965252242920134,0.0,1
15077,0.0,0.0,0.0,0.05882352941176472,0.9639455009432345,0.9603496253353112,-0.3682976189659403,2.0,0,-0.37461028319522743,1.0,0
4804,0.0,0.0,0.33333333333333326,0.47058823529411764,-0.011920409671395564,-0.08196753090913357,-0.3682976189659403,0.0,0,-1.005295765613348,0.0,1
15318,1.0,0.0,1.0,0.7647058823529412,0.9639455009432345,0.9603496253353112,-0.3682976189659403,2.0,0,-0.2945232378087994,2.0,0
3597,0.0,1.0,1.0,0.823529411764706,-1.7902032784930408,-0.8542122452049276,-0.3682976189659403,0.0,0,-1.0353284076332585,0.0,1
7229,1.0,0.0,0.33333333333333326,0.3529411764705882,-1.2305359223701604,-1.8300569120062369,3.067125080727987,0.0,0,-0.9552413622468305,0.0,1
12898,1.0,0.0,0.6666666666666665,0.7058823529411765,0.9639455009432345,0.9603496253353112,-0.3682976189659403,2.0,1,1.3472611926129747,1.0,0
10844,1.0,0.0,0.6666666666666665,0.6470588235294118,-0.011920409671395564,-0.08196753090913357,-0.3682976189659403,2.0,0,0.29611872191610716,1.0,0
11467,1.0,0.0,0.6666666666666665,0.5294117647058824,-0.011920409671395564,-0.08196753090913357,-0.3682976189659403,2.0,1,1.5975332094455623,1.0,0
12121,1.0,0.0,0.6666666666666665,0.6470588235294118,-0.011920409671395564,-0.08196753090913357,-0.3682976189659403,2.0,0,0.19600991518307215,1.0,0
6296,0.0,1.0,0.6666666666666665,0.6470588235294118,0.9639455009432345,0.9603496253353112,-0.3682976189659403,1.0,0,-0.5648170159879939,1.0,0
34608,0.0,0.0,0.0,0.05882352941176472,0.9639455009432345,0.9603496253353112,-0.3682976189659403,2.0,0,-0.04425122097621188,2.0,0
4030,1.0,0.0,0.6666666666666665,0.5294117647058824,-1.2305359223701604,-1.8300569120062369,2.488812017207411,1.0,0,-0.9452304815735271,0.0,1
4995,1.0,0.0,0.0,0.17647058823529405,-1.7902032784930408,-0.8542122452049276,-0.3682976189659403,0.0,0,-1.1354372143662936,0.0,1
14571,1.0,0.0,1.0,0.823529411764706,-0.011920409671395564,-0.08196753090913357,-0.3682976189659403,1.0,0,-0.5748278966612975,1.0,0
7791,1.0,0.0,0.0,0.17647058823529405,0.9639455009432345,0.9603496253353112,-0.3682976189659403,2.0,0,-0.10431650501603289,2.0,0
6104,0.0,0.0,1.0,0.823529411764706,0.9639455009432345,0.9603496253353112,-0.3682976189659403,2.0,0,-0.30453411848210293,1.0,0
16352,0.0,0.0,0.0,0.0,0.9639455009432345,0.9603496253353112,-0.3682976189659403,2.0,0,0.6264777841351227,1.0,0
7514,0.0,0.0,0.6666666666666665,0.7647058823529412,0.9639455009432345,0.9603496253353112,-0.3682976189659403,2.0,0,-0.2745014764621924,1.0,0
12352,0.0,0.0,0.0,0.17647058823529405,-0.011920409671395564,-0.08196753090913357,-0.3682976189659403,2.0,1,1.1170109371269943,2.0,0
4878,0.0,1.0,1.0,0.8823529411764705,-1.2305359223701604,-1.8300569120062369,2.488812017207411,0.0,0,-0.965252242920134,0.0,1
6496,0.0,0.0,0.6666666666666665,0.5882352941176471,0.9639455009432345,0.9603496253353112,-0.3682976189659403,1.0,0,-0.7149802260875465,1.0,0
11134,1.0,0.0,0.0,0.17647058823529405,-0.011920409671395564,-0.08196753090913357,-0.3682976189659403,2.0,0,0.14595551181655464,1.0,0
7229,1.0,0.0,0.33333333333333326,0.2941176470588235,-1.2305359223701604,-1.8300569120062369,-0.3647768598941265,0.0,0,-0.9752631235934375,0.0,1
15145,0.0,0.0,0.0,0.17647058823529405,-0.011920409671395564,-0.08196753090913357,-0.3682976189659403,2.0,1,0.7766409942346753,3.0,0
4462,0.0,0.0,0.0,0.11764705882352944,-0.011920409671395564,-0.08196753090913357,-0.3682976058382679,0.0,0,-0.985274004266741,0.0,1
9626,0.0,0.0,0.6666666666666665,0.5882352941176471,-0.011920409671395564,-0.08196753090913357,-0.3682976189659403,2.0,1,2.3583601406166284,2.0,0
14053,1.0,0.0,0.0,0.05882352941176472,0.9639455009432345,0.9603496253353112,-0.3682976189659403,2.0,0,-0.20442531174906792,1.0,0
10262,1.0,0.0,1.0,0.9999999999999999,0.9639455009432345,0.9603496253353112,-0.3682976189659403,1.0,0,-0.584838777334601,1.0,0
9345,0.0,1.0,0.6666666666666665,0.7058823529411765,-0.011920409671395564,-0.08196753090913357,-0.3682976189659403,2.0,1,1.7977508229116324,1.0,0
7268,0.0,0.0,1.0,0.9999999999999999,0.9639455009432345,0.9603496253353112,-0.3682976189659403,1.0,0,-0.5347843739680834,1.0,0
3943,0.0,0.0,0.6666666666666665,0.5882352941176471,-1.2305359223701604,-1.8300569120062369,2.488812017207411,0.0,0,-0.965252242920134,0.0,1
9555,0.0,1.0,0.6666666666666665,0.7058823529411765,-0.011920409671395564,-0.08196753090913357,-0.3682976189659403,2.0,0,0.27609696056950017,1.0,0
4995,1.0,0.0,0.6666666666666665,0.7647058823529412,-1.7902032784930408,-0.8542122452049276,-0.3682976189659403,0.0,0,-1.12542633369299,0.0,1
11507,1.0,0.0,1.0,0.823529411764706,0.9639455009432345,0.9603496253353112,-0.3682976189659403,2.0,0,0.5163580967287842,2.0,0
16736,1.0,0.0,0.0,0.05882352941176472,-1.2305359223701604,-0.8542122452049276,-0.3682976189659403,2.0,0,-0.07428386299612239,1.0,0
3543,0.0,1.0,0.6666666666666665,0.7058823529411765,-1.7902032784930408,-0.8542122452049276,-0.3682976189659403,0.0,0,-1.0353284076332585,0.0,1
13832,0.0,0.0,0.0,0.05882352941176472,0.9639455009432345,0.9603496253353112,-0.3682976189659403,2.0,1,1.2071088631867257,1.0,0
10885,0.0,0.0,0.0,0.17647058823529405,0.9639455009432345,0.9603496253353112,-0.3682976189659403,1.0,0,-0.5147626126214765,1.0,0
8016,1.0,0.0,1.0,0.8823529411764705,-1.2305359223701604,-1.8300569120062369,2.488812017207411,1.0,0,-0.9452304815735271,0.0,1
3210,1.0,0.0,0.6666666666666665,0.5882352941176471,-1.7902032784930408,-0.8542122452049276,-0.3682976189659403,0.0,0,-1.1354372143662936,0.0,1
5386,0.0,0.0,0.6666666666666665,0.6470588235294118,-0.011920409671395564,-0.08196753090913357,-0.3682976189659403,1.0,0,-0.745012868107457,1.0,0
8610,0.0,1.0,0.6666666666666665,0.5294117647058824,-0.011920409671395564,-0.08196753090913357,-0.3682976189659403,2.0,1,1.5775114480989554,1.0,0
4823,0.0,0.0,0.6666666666666665,0.7058823529411765,-1.2305359223701604,-1.8300569120062369,3.067125080727987,0.0,0,-0.9552413622468305,0.0,1
12692,1.0,0.0,1.0,0.823529411764706,-0.011920409671395564,-0.08196753090913357,-0.3682976189659403,2.0,1,1.287195908573154,1.0,0
4174,0.0,1.0,0.33333333333333326,0.47058823529411764,-0.011920409671395564,-0.08196753090913357,-0.3682976189659403,0.0,0,-1.0153066462866516,0.0,1
4384,0.0,1.0,0.0,0.05882352941176472,-0.011920409671395564,-0.08196753090913357,-0.3682976189659403,0.0,0,-1.005295765613348,0.0,1
4174,0.0,0.0,0.33333333333333326,0.3529411764705882,-0.011920409671395564,-0.08196753090913357,-0.3682976189659403,0.0,0,-0.9952848849400445,0.0,1
3943,0.0,0.0,0.33333333333333326,0.47058823529411764,-1.2305359223701604,-1.8300569120062369,2.488812017207411,1.0,0,-0.9452304815735271,0.0,1
16736,1.0,0.0,0.0,0.05882352941176472,-1.2305359223701604,-0.8542122452049276,-0.3682976189659403,2.0,1,1.1670653404935118,1.0,0
10406,0.0,0.0,0.6666666666666665,0.7647058823529412,0.9639455009432345,0.9603496253353112,-0.3682976189659403,2.0,0,0.36619488662923166,1.0,0
5761,0.0,0.0,0.0,0.17647058823529405,0.9639455009432345,0.9603496253353112,-0.3682976189659403,1.0,0,-0.664925822721029,1.0,0
10844,1.0,0.0,0.6666666666666665,0.6470588235294118,-0.011920409671395564,-0.08196753090913357,-0.3682976189659403,2.0,1,1.2671741472265468,1.0,0
3597,0.0,1.0,0.6666666666666665,0.7647058823529412,-1.7902032784930408,-0.8542122452049276,-0.3682976189659403,0.0,0,-1.0353284076332585,0.0,1
7228,0.0,0.0,0.6666666666666665,0.5882352941176471,-0.011920409671395564,-0.08196753090913357,-0.3682976189659403,1.0,0,-0.6749367033943325,1.0,0
10262,1.0,0.0,1.0,0.823529411764706,0.9639455009432345,0.9603496253353112,-0.3682976189659403,2.0,0,-0.10431650501603289,1.0,0
7064,1.0,0.0,0.33333333333333326,0.2941176470588235,-0.011920409671395564,-0.08196753090913357,-0.3682976189659403,2.0,1,1.887848748971364,1.0,0
14781,1.0,0.0,0.6666666666666665,0.5294117647058824,-0.011920409671395564,-0.08196753090913357,-0.3682976189659403,2.0,0,0.10591198912334064,1.0,0
12436,0.0,0.0,1.0,0.823529411764706,0.9639455009432345,0.9603496253353112,-0.3682976189659403,2.0,1,2.3383383792700214,2.0,0
6478,1.0,0.0,1.0,0.9999999999999999,-1.2305359223701604,-1.8300569120062369,-0.3647768598941265,1.0,0,-0.9352196009002235,0.0,1
14571,1.0,0.0,1.0,0.823529411764706,-0.011920409671395564,-0.08196753090913357,-0.3682976189659403,2.0,1,0.7466083522147647,1.0,0
4145,0.0,0.0,0.6666666666666665,0.7058823529411765,-0.011920409671395564,-0.08196753090913357,-0.3682976189659403,0.0,0,-0.9952848849400445,0.0,1
10844,1.0,0.0,0.6666666666666665,0.6470588235294118,-0.011920409671395564,-0.08196753090913357,-0.3682976189659403,2.0,0,0.17598815383646516,1.0,0
4812,0.0,1.0,0.33333333333333326,0.2941176470588235,0.9639455009432345,0.9603496253353112,-0.3682976189659403,1.0,0,-0.765034629454064,1.0,0
18286,0.0,0.0,0.0,0.0,0.9639455009432345,0.9603496253353112,-0.3682976189659403,2.0,0,0.38621664797583866,1.0,0
18275,0.0,0.0,0.6666666666666665,0.7647058823529412,0.9639455009432345,0.9603496253353112,-0.3682976189659403,2.0,0,-0.38462116386853096,2.0,0
6669,0.0,0.0,0.6666666666666665,0.5882352941176471,-0.011920409671395564,-0.08196753090913357,-0.3682976189659403,1.0,0,-0.745012868107457,1.0,0
7229,1.0,0.0,0.6666666666666665,0.5882352941176471,-1.2305359223701604,-1.8300569120062369,-0.3647768598941265,1.0,0,-0.9352196009002235,0.0,1
5277,0.0,0.0,0.6666666666666665,0.5882352941176471,-1.7902032784930408,-0.8542122452049276,-0.3682976189659403,0.0,0,-1.025317526959955,0.0,1
3841,0.0,1.0,0.6666666666666665,0.5294117647058824,-0.011920409671395564,-0.08196753090913357,-0.3682976189659403,0.0,0,-1.005295765613348,0.0,1
4030,1.0,0.0,0.6666666666666665,0.5294117647058824,-1.2305359223701604,-1.8300569120062369,3.067125080727987,0.0,0,-0.9552413622468305,0.0,1
7064,1.0,0.0,0.33333333333333326,0.2941176470588235,-0.011920409671395564,-0.08196753090913357,-0.3682976189659403,2.0,1,1.687631135505294,1.0,0
3543,0.0,1.0,1.0,0.7647058823529412,-1.7902032784930408,-0.8542122452049276,-0.3682976189659403,0.0,0,-1.025317526959955,0.0,1
4878,0.0,1.0,1.0,0.7647058823529412,-1.2305359223701604,-1.8300569120062369,-0.3682976189659403,0.0,0,-0.9952848849400445,0.0,1
6017,1.0,0.0,0.0,0.23529411764705876,0.9639455009432345,0.9603496253353112,-0.3682976189659403,2.0,0,0.29611872191610716,1.0,0
13591,0.0,0.0,1.0,0.9999999999999999,0.9639455009432345,0.9603496253353112,-0.3682976189659403,2.0,1,1.8578161069514534,2.0,0
9508,0.0,0.0,1.0,0.823529411764706,0.9639455009432345,0.9603496253353112,-0.3682976189659403,2.0,0,0.5564016194219982,1.0,0
15851,1.0,0.0,0.6666666666666665,0.5882352941176471,0.9639455009432345,0.9603496253353112,-0.3682976189659403,2.0,0,-0.06427298232281889,1.0,0
8759,0.0,1.0,1.0,0.823529411764706,0.9639455009432345,0.9603496253353112,-0.3682976189659403,2.0,0,-0.3645994025219239,1.0,0
3841,0.0,1.0,1.0,0.7647058823529412,-0.011920409671395564,-0.08196753090913357,-0.3682976189659403,0.0,0,-1.005295765613348,0.0,1
10262,1.0,0.0,1.0,0.8823529411764705,0.9639455009432345,0.9603496253353112,-0.3682976189659403,2.0,0,-0.10431650501603289,1.0,0
10262,1.0,0.0,1.0,0.9999999999999999,0.9639455009432345,0.9603496253353112,-0.3682976189659403,2.0,0,-0.2244470730956749,1.0,0
4409,0.0,1.0,0.33333333333333326,0.4117647058823529,-0.011920409671395564,-0.08196753090913357,-0.3682976189659403,0.0,0,-0.9952848849400445,0.0,1
3807,0.0,1.0,1.0,0.9411764705882352,-0.011920409671395564,-0.08196753090913357,-0.3682976189659403,0.0,0,-1.005295765613348,0.0,1
13727,0.0,0.0,0.6666666666666665,0.6470588235294118,0.9639455009432345,0.9603496253353112,-0.3682976189659403,2.0,0,-0.1643817890558539,1.0,0
3383,0.0,1.0,1.0,0.9999999999999999,-1.2305359223701604,-1.8300569120062369,-0.3647768598941265,0.0,0,-0.9752631235934375,0.0,1
5515,0.0,1.0,0.0,0.0,-0.011920409671395564,-0.08196753090913357,-0.3682976189659403,0.0,0,-1.005295765613348,0.0,1
16289,1.0,0.0,0.0,0.05882352941176472,0.9639455009432345,0.9603496253353112,-0.3682976189659403,2.0,1,1.287195908573154,1.0,0
5894,0.0,0.0,1.0,0.8823529411764705,0.9639455009432345,0.9603496253353112,-0.3682976189659403,2.0,0,0.6264777841351227,1.0,0
3943,0.0,0.0,0.33333333333333326,0.47058823529411764,-1.2305359223701604,-1.8300569120062369,2.488812017207411,0.0,0,-0.965252242920134,0.0,1
3943,0.0,0.0,1.0,0.8823529411764705,-1.2305359223701604,-1.8300569120062369,2.488812017207411,0.0,0,-0.965252242920134,0.0,1
7480,0.0,0.0,0.6666666666666665,0.5882352941176471,0.9639455009432345,0.9603496253353112,-0.3682976189659403,2.0,1,1.5374679254057413,1.0,0
12140,0.0,0.0,0.6666666666666665,0.5882352941176471,-0.011920409671395564,-0.08196753090913357,-0.3682976189659403,2.0,0,0.5363798580753912,2.0,0
4049,0.0,0.0,1.0,0.9999999999999999,-1.7902032784930408,-0.8542122452049276,-0.3682976189659403,0.0,0,-1.12542633369299,0.0,1
6795,0.0,0.0,1.0,0.823529411764706,0.9639455009432345,0.9603496253353112,-0.3682976189659403,2.0,0,0.21603167652967917,1.0,0
13428,0.0,0.0,0.0,0.17647058823529405,-0.011920409671395564,-0.08196753090913357,-0.3682976189659403,2.0,1,0.8967715623143173,2.0,0
14388,1.0,0.0,0.6666666666666665,0.6470588235294118,-0.011920409671395564,-0.08196753090913357,-0.3682976189659403,2.0,1,1.0969891757803873,1.0,0
15129,1.0,0.0,0.6666666666666665,0.7647058823529412,0.9639455009432345,0.9603496253353112,-0.3682976189659403,2.0,1,0.9468259656808348,2.0,0
12123,0.0,1.0,0.0,0.17647058823529405,-1.2305359223701604,-0.8542122452049276,-0.3682976058382679,0.0,0,-0.985274004266741,0.0,1
10407,0.0,0.0,0.6666666666666665,0.7647058823529412,0.9639455009432345,0.9603496253353112,-0.3682976189659403,2.0,0,0.13594463114325114,1.0,0
11134,1.0,0.0,0.0,0.17647058823529405,-0.011920409671395564,-0.08196753090913357,-0.3682976189659403,2.0,1,1.487413522039224,1.0,0
5199,0.0,1.0,1.0,0.823529411764706,0.9639455009432345,0.9603496253353112,-0.3682976189659403,2.0,0,-0.38462116386853096,1.0,0
11936,0.0,0.0,0.6666666666666665,0.7058823529411765,-0.011920409671395564,-0.08196753090913357,-0.3682976189659403,2.0,0,0.28610784124280364,1.0,0
4483,0.0,1.0,1.0,0.7647058823529412,-1.2305359223701604,-1.8300569120062369,-0.3647768598941265,0.0,0,-0.9752631235934375,0.0,1
10953,1.0,0.0,0.33333333333333326,0.2941176470588235,-0.011920409671395564,-0.08196753090913357,-0.3682976189659403,2.0,0,0.07587934710343014,1.0,0
9345,0.0,1.0,1.0,0.823529411764706,-0.011920409671395564,-0.08196753090913357,-0.3682976189659403,2.0,1,1.9479140330111848,1.0,0
4030,1.0,0.0,0.6666666666666665,0.6470588235294118,-1.2305359223701604,-1.8300569120062369,-0.3647768598941265,1.0,0,-0.9352196009002235,0.0,1
10835,0.0,0.0,0.0,0.17647058823529405,-1.2305359223701604,-0.8542122452049276,-0.3682976189659403,2.0,1,2.4985124700428774,2.0,0
15676,0.0,0.0,0.0,0.0,-1.2305359223701604,-0.8542122452049276,-0.3647768598941265,0.0,0,-0.9752631235934375,0.0,1
6216,0.0,1.0,1.0,0.9999999999999999,0.9639455009432345,0.9603496253353112,-0.3682976058382679,1.0,0,-0.92520872022692,0.0,1
8372,0.0,0.0,1.0,0.823529411764706,0.9639455009432345,0.9603496253353112,-0.3682976189659403,2.0,1,1.3672829539595819,1.0,0
13014,1.0,0.0,1.0,0.8823529411764705,0.9639455009432345,0.9603496253353112,-0.3682976189659403,2.0,0,-0.1844035504024609,2.0,0
11936,0.0,0.0,1.0,0.8823529411764705,-0.011920409671395564,-0.08196753090913357,-0.3682976189659403,2.0,0,-0.19441443107576442,1.0,0
5000,0.0,0.0,0.6666666666666665,0.5882352941176471,0.9639455009432345,0.9603496253353112,-0.3682976189659403,1.0,0,-0.9151978395536166,0.0,1
14388,1.0,0.0,0.6666666666666665,0.5882352941176471,-0.011920409671395564,-0.08196753090913357,-0.3682976189659403,2.0,1,1.6676093741586868,1.0,0
9856,0.0,0.0,1.0,0.9999999999999999,0.9639455009432345,0.9603496253353112,-0.3682976189659403,2.0,0,-0.2144361924223714,1.0,0
6976,0.0,1.0,1.0,0.823529411764706,0.9639455009432345,0.9603496253353112,-0.3682976189659403,1.0,0,-0.5648170159879939,1.0,0
6991,0.0,0.0,0.6666666666666665,0.7058823529411765,-0.011920409671395564,-0.08196753090913357,-0.3682976189659403,1.0,0,-0.664925822721029,1.0,0
7110,0.0,1.0,0.0,0.05882352941176472,-1.2305359223701604,-0.8542122452049276,2.488812017207411,0.0,0,-0.965252242920134,0.0,1
5198,1.0,0.0,0.33333333333333326,0.47058823529411764,-1.2305359223701604,-1.8300569120062369,2.488812017207411,1.0,0,-0.9452304815735271,0.0,1
8352,0.0,1.0,0.0,0.0,-1.2305359223701604,-0.8542122452049276,-0.3682976189659403,1.0,0,-0.765034629454064,1.0,0
11249,0.0,0.0,0.0,0.05882352941176472,0.9639455009432345,0.9603496253353112,-0.3682976189659403,2.0,0,0.43627105134235616,1.0,0
4077,0.0,0.0,1.0,0.8823529411764705,-1.2305359223701604,-1.8300569120062369,2.488812017207411,0.0,0,-0.965252242920134,0.0,1
13759,1.0,0.0,0.0,0.17647058823529405,-0.011920409671395564,-0.08196753090913357,-0.3682976189659403,2.0,0,-0.35458852184862044,1.0,0
25735,1.0,0.0,0.0,0.0,-1.2305359223701604,-0.8542122452049276,-0.3682976189659403,2.0,1,1.427348237999403,1.0,0
6933,0.0,0.0,0.0,0.17647058823529405,-0.011920409671395564,-0.08196753090913357,-0.3682976189659403,1.0,0,-0.745012868107457,1.0,0
10236,0.0,0.0,0.0,0.0,0.9639455009432345,0.9603496253353112,-0.3682976189659403,2.0,0,0.34617312528262467,1.0,0
9663,1.0,0.0,0.6666666666666665,0.5882352941176471,-0.011920409671395564,-0.08196753090913357,-0.3682976189659403,2.0,0,0.4062384093224457,1.0,0
11654,0.0,0.0,0.0,0.0,-1.2305359223701604,-0.8542122452049276,-0.3682976189659403,2.0,0,-0.484729970601566,1.0,0
12351,0.0,0.0,0.0,0.05882352941176472,0.9639455009432345,0.9603496253353112,-0.3682976189659403,2.0,0,0.41624928999574917,1.0,0
4966,0.0,0.0,0.0,0.05882352941176472,-1.2305359223701604,-0.8542122452049276,-0.3647768598941265,0.0,0,-0.9752631235934375,0.0,1
13994,1.0,0.0,1.0,0.823529411764706,-0.011920409671395564,-0.08196753090913357,-0.3682976189659403,2.0,0,-0.1543709083825504,1.0,0
22270,1.0,0.0,0.0,0.05882352941176472,-1.2305359223701604,-0.8542122452049276,-0.3682976189659403,1.0,0,-0.6549149420477255,1.0,0
6442,0.0,0.0,0.33333333333333326,0.47058823529411764,0.9639455009432345,0.9603496253353112,-0.3682976189659403,2.0,0,-0.1844035504024609,1.0,0
6979,0.0,0.0,0.6666666666666665,0.5882352941176471,0.9639455009432345,0.9603496253353112,-0.3682976189659403,2.0,0,-0.1543709083825504,1.0,0
12599,0.0,0.0,0.0,0.0,-1.2305359223701604,-0.8542122452049276,-0.3682976189659403,2.0,1,1.5074352833858309,1.0,0
3919,0.0,1.0,1.0,0.7647058823529412,-1.2305359223701604,-1.8300569120062369,2.488812017207411,0.0,0,-0.965252242920134,0.0,1
3597,0.0,1.0,1.0,0.9411764705882352,-1.7902032784930408,-0.8542122452049276,-0.3682976189659403,0.0,0,-1.0353284076332585,0.0,1
3841,0.0,1.0,0.6666666666666665,0.7058823529411765,-0.011920409671395564,-0.08196753090913357,-0.3682976189659403,0.0,0,-1.005295765613348,0.0,1
1965,0.0,1.0,0.6666666666666665,0.7647058823529412,-1.7902032784930408,-0.8542122452049276,-0.3682976189659403,0.0,0,-1.12542633369299,0.0,1
7038,0.0,0.0,1.0,0.823529411764706,0.9639455009432345,0.9603496253353112,-0.3682976189659403,2.0,0,-0.3946320445418344,1.0,0
7198,0.0,0.0,1.0,0.8823529411764705,0.9639455009432345,0.9603496253353112,-0.3682976189659403,2.0,0,0.5564016194219982,1.0,0
7064,1.0,0.0,0.33333333333333326,0.2941176470588235,-0.011920409671395564,-0.08196753090913357,-0.3682976189659403,2.0,1,1.4974244027125274,1.0,0
4823,0.0,0.0,0.33333333333333326,0.2941176470588235,-1.2305359223701604,-1.8300569120062369,3.067125080727987,0.0,0,-0.9552413622468305,0.0,1
13029,1.0,0.0,0.6666666666666665,0.6470588235294118,0.9639455009432345,0.9603496253353112,-0.3682976189659403,2.0,1,1.4473699993460099,2.0,0
14960,0.0,0.0,0.6666666666666665,0.7058823529411765,-0.011920409671395564,-0.08196753090913357,-0.3682976189659403,2.0,1,1.4673917606926168,2.0,0
6093,0.0,0.0,0.33333333333333326,0.47058823529411764,0.9639455009432345,0.9603496253353112,-0.3682976189659403,2.0,0,-0.2244470730956749,1.0,0
5583,0.0,1.0,0.33333333333333326,0.4117647058823529,0.9639455009432345,0.9603496253353112,-0.3682976189659403,1.0,0,-0.6749367033943325,1.0,0
5224,0.0,0.0,0.6666666666666665,0.7058823529411765,-0.011920409671395564,-0.08196753090913357,-0.3682976189659403,0.0,0,-0.9952848849400445,0.0,1
10262,1.0,0.0,1.0,0.8823529411764705,0.9639455009432345,0.9603496253353112,-0.3682976189659403,2.0,1,0.9868694883740488,1.0,0
11668,0.0,0.0,1.0,0.823529411764706,-0.011920409671395564,-0.08196753090913357,-0.3682976189659403,2.0,0,0.6064560227885157,2.0,0
13731,1.0,0.0,0.6666666666666665,0.7058823529411765,-0.011920409671395564,-0.08196753090913357,-0.3682976189659403,2.0,0,-0.1343491470359434,1.0,0
7303,0.0,0.0,0.0,0.0,-1.2305359223701604,-0.8542122452049276,3.067125080727987,0.0,0,-0.9552413622468305,0.0,1
3841,0.0,1.0,0.6666666666666665,0.5882352941176471,-0.011920409671395564,-0.08196753090913357,-0.3682976189659403,0.0,0,-0.9952848849400445,0.0,1
13492,0.0,0.0,0.0,0.11764705882352944,-1.2305359223701604,-0.8542122452049276,-0.3682976189659403,2.0,0,-0.3145449991554064,1.0,0
7832,1.0,0.0,0.0,0.11764705882352944,-1.2305359223701604,-0.8542122452049276,-0.3682976189659403,2.0,1,1.6575984934853834,1.0,0
11841,1.0,0.0,1.0,0.823529411764706,-0.011920409671395564,-0.08196753090913357,-0.3682976189659403,2.0,0,0.29611872191610716,1.0,0
3898,0.0,1.0,1.0,0.823529411764706,-1.2305359223701604,-1.8300569120062369,3.067125080727987,0.0,0,-0.9552413622468305,0.0,1
5048,0.0,1.0,0.33333333333333326,0.4117647058823529,-1.2305359223701604,-1.8300569120062369,3.067125080727987,0.0,0,-0.9552413622468305,0.0,1
3919,0.0,1.0,1.0,0.8823529411764705,-1.2305359223701604,-1.8300569120062369,3.067125080727987,0.0,0,-0.9552413622468305,0.0,1
4804,0.0,0.0,1.0,0.9999999999999999,-0.011920409671395564,-0.08196753090913357,-0.3682976058382679,0.0,0,-0.985274004266741,0.0,1
3858,0.0,0.0,0.6666666666666665,0.5882352941176471,-1.7902032784930408,-0.8542122452049276,-0.3682976189659403,0.0,0,-1.025317526959955,0.0,1
11399,1.0,0.0,0.6666666666666665,0.5882352941176471,0.9639455009432345,0.9603496253353112,-0.3682976189659403,2.0,0,0.015814063063609125,1.0,0
3625,0.0,0.0,0.6666666666666665,0.7058823529411765,-1.7902032784930408,-0.8542122452049276,-0.3682976189659403,0.0,0,-1.1554589757129006,0.0,1
11627,1.0,0.0,1.0,0.823529411764706,0.9639455009432345,0.9603496253353112,-0.3682976189659403,2.0,1,0.9067824429876208,1.0,0
7202,1.0,0.0,1.0,0.823529411764706,0.9639455009432345,0.9603496253353112,-0.3682976189659403,1.0,0,-0.9151978395536166,0.0,1
6535,0.0,0.0,0.0,0.17647058823529405,-0.011920409671395564,-0.08196753090913357,-0.3682976189659403,2.0,1,2.0980772431107373,1.0,0
13941,1.0,0.0,0.6666666666666665,0.5882352941176471,-0.011920409671395564,-0.08196753090913357,-0.3682976189659403,2.0,1,0.8066736362545858,1.0,0
4332,0.0,0.0,0.6666666666666665,0.5882352941176471,-1.7902032784930408,-0.8542122452049276,-0.3682976189659403,0.0,0,-1.0153066462866516,0.0,1
3898,0.0,1.0,0.6666666666666665,0.5294117647058824,-1.2305359223701604,-1.8300569120062369,-0.3647768598941265,0.0,0,-0.9752631235934375,0.0,1
8834,1.0,0.0,0.0,0.17647058823529405,0.9639455009432345,0.9603496253353112,-0.3682976189659403,2.0,1,2.688719202835644,2.0,0
13899,0.0,0.0,0.6666666666666665,0.7058823529411765,-0.011920409671395564,-0.08196753090913357,-0.3682976189659403,2.0,1,1.0269130110672628,2.0,0
3815,0.0,1.0,0.0,0.17647058823529405,-0.011920409671395564,-0.08196753090913357,-0.3682976189659403,0.0,0,-1.025317526959955,0.0,1
14388,1.0,0.0,0.6666666666666665,0.5294117647058824,-0.011920409671395564,-0.08196753090913357,-0.3682976189659403,2.0,1,1.3272394312663678,1.0,0
6934,0.0,0.0,1.0,0.823529411764706,0.9639455009432345,0.9603496253353112,-0.3647768598941265,1.0,0,-0.9352196009002235,0.0,1
6751,0.0,1.0,0.6666666666666665,0.5882352941176471,0.9639455009432345,0.9603496253353112,-0.3682976189659403,1.0,0,-0.644904061374422,1.0,0
10539,1.0,0.0,1.0,0.823529411764706,-0.011920409671395564,-0.08196753090913357,-0.3682976189659403,2.0,1,1.5975332094455623,1.0,0
10919,1.0,0.0,1.0,0.7647058823529412,0.9639455009432345,0.9603496253353112,-0.3682976189659403,2.0,1,1.3372503119396713,2.0,0
3971,0.0,1.0,0.33333333333333326,0.2941176470588235,-1.2305359223701604,-1.8300569120062369,-0.3682976058382679,0.0,0,-0.985274004266741,0.0,1
2754,0.0,0.0,1.0,0.823529411764706,-1.7902032784930408,-0.8542122452049276,-0.3682976189659403,0.0,0,-1.12542633369299,0.0,1
4939,0.0,0.0,0.0,0.11764705882352944,0.9639455009432345,0.9603496253353112,-0.3647768598941265,1.0,0,-0.9352196009002235,0.0,1
11467,1.0,0.0,0.6666666666666665,0.6470588235294118,-0.011920409671395564,-0.08196753090913357,-0.3682976189659403,2.0,1,2.1581425271505585,1.0,0
7005,0.0,0.0,1.0,0.9999999999999999,0.9639455009432345,0.9603496253353112,-0.3682976189659403,2.0,0,0.31614048326271416,1.0,0
11270,1.0,0.0,1.0,0.823529411764706,0.9639455009432345,0.9603496253353112,-0.3682976189659403,2.0,0,0.5163580967287842,2.0,0
12347,1.0,0.0,0.0,0.17647058823529405,0.9639455009432345,0.9603496253353112,-0.3682976189659403,1.0,0,-0.6048605386812079,1.0,0
7591,0.0,0.0,0.0,0.0,-1.2305359223701604,-0.8542122452049276,-0.3647768598941265,0.0,0,-0.9752631235934375,0.0,1
5678,1.0,0.0,1.0,0.7647058823529412,-1.7902032784930408,-0.8542122452049276,-0.3682976189659403,0.0,0,-1.1354372143662936,0.0,1
13014,1.0,0.0,1.0,0.823529411764706,0.9639455009432345,0.9603496253353112,-0.3682976189659403,2.0,0,0.31614048326271416,2.0,0
8586,1.0,0.0,0.6666666666666665,0.6470588235294118,-0.011920409671395564,-0.08196753090913357,-0.3682976189659403,2.0,0,-0.1343491470359434,1.0,0
9340,0.0,0.0,0.0,0.05882352941176472,-1.7902032784930408,-0.8542122452049276,-0.3682976189659403,0.0,0,-1.0353284076332585,0.0,1
9899,1.0,0.0,1.0,0.8823529411764705,-0.011920409671395564,-0.08196753090913357,-0.3682976189659403,2.0,0,-0.5047517319481729,1.0,0
9424,0.0,0.0,0.6666666666666665,0.5882352941176471,0.9639455009432345,0.9603496253353112,-0.3682976189659403,2.0,0,0.19600991518307215,1.0,0
6478,1.0,0.0,1.0,0.9411764705882352,-1.2305359223701604,-1.8300569120062369,-0.3647768598941265,0.0,0,-0.9752631235934375,0.0,1
6961,0.0,0.0,1.0,0.9411764705882352,-1.2305359223701604,-1.8300569120062369,2.488812017207411,1.0,0,-0.9452304815735271,0.0,1
12698,0.0,0.0,1.0,0.823529411764706,0.9639455009432345,0.9603496253353112,-0.3682976189659403,2.0,1,1.6375767321387764,2.0,0
5510,0.0,0.0,1.0,0.823529411764706,-0.011920409671395564,-0.08196753090913357,-0.3682976189659403,0.0,0,-1.005295765613348,0.0,1
18485,0.0,0.0,1.0,0.7647058823529412,0.9639455009432345,0.9603496253353112,-0.3682976189659403,2.0,0,-0.38462116386853096,2.0,0
4423,0.0,1.0,0.33333333333333326,0.2941176470588235,-1.2305359223701604,-1.8300569120062369,-0.3682976058382679,0.0,0,-0.985274004266741,0.0,1
8033,0.0,0.0,0.0,0.17647058823529405,-1.2305359223701604,-0.8542122452049276,3.067125080727987,0.0,0,-0.9552413622468305,0.0,1
17024,1.0,0.0,0.0,0.05882352941176472,0.9639455009432345,0.9603496253353112,-0.3682976189659403,2.0,1,1.1770762211668153,1.0,0
3175,0.0,0.0,0.0,0.05882352941176472,-1.7902032784930408,-0.8542122452049276,-0.3682976189659403,0.0,0,-1.12542633369299,0.0,1
10966,0.0,0.0,1.0,0.7647058823529412,0.9639455009432345,0.9603496253353112,-0.3682976189659403,2.0,1,1.0569456530871733,2.0,0
6630,0.0,0.0,0.0,0.17647058823529405,0.9639455009432345,0.9603496253353112,-0.3682976189659403,2.0,0,0.43627105134235616,1.0,0
4823,0.0,0.0,0.33333333333333326,0.3529411764705882,-1.2305359223701604,-1.8300569120062369,2.488812017207411,1.0,0,-0.9452304815735271,0.0,1
6218,0.0,0.0,0.6666666666666665,0.5294117647058824,-0.011920409671395564,-0.08196753090913357,-0.3682976189659403,1.0,0,-0.6549149420477255,1.0,0
13731,1.0,0.0,1.0,0.823529411764706,-0.011920409671395564,-0.08196753090913357,-0.3682976189659403,2.0,1,1.1270218178002978,1.0,0
4668,0.0,1.0,1.0,0.823529411764706,-1.2305359223701604,-1.8300569120062369,-0.3682976058382679,0.0,0,-0.985274004266741,0.0,1
6015,0.0,0.0,1.0,0.7647058823529412,0.9639455009432345,0.9603496253353112,-0.3682976189659403,1.0,0,-0.9151978395536166,0.0,1
13067,1.0,0.0,0.6666666666666665,0.5882352941176471,-0.011920409671395564,-0.08196753090913357,-0.3682976189659403,2.0,1,1.427348237999403,1.0,0
11667,0.0,0.0,1.0,0.8823529411764705,0.9639455009432345,0.9603496253353112,-0.3682976189659403,2.0,0,0.15596639248985814,1.0,0
12127,0.0,0.0,0.0,0.11764705882352944,-1.2305359223701604,-0.8542122452049276,-0.3682976189659403,2.0,0,0.4262601706690527,1.0,0
9187,0.0,1.0,1.0,0.823529411764706,-0.011920409671395564,-0.08196753090913357,-0.3682976189659403,2.0,1,0.8266953976011927,1.0,0
4030,1.0,0.0,0.6666666666666665,0.7058823529411765,-1.2305359223701604,-1.8300569120062369,2.488812017207411,1.0,0,-0.9452304815735271,0.0,1
11600,0.0,0.0,0.0,0.0,0.9639455009432345,0.9603496253353112,-0.3682976189659403,2.0,0,0.5764233807686052,1.0,0
5620,0.0,1.0,0.0,0.0,-0.011920409671395564,-0.08196753090913357,-0.3682976189659403,0.0,0,-0.9952848849400445,0.0,1
10493,0.0,0.0,1.0,0.823529411764706,0.9639455009432345,0.9603496253353112,-0.3682976189659403,2.0,1,1.7877399422383289,2.0,0
7408,0.0,0.0,1.0,0.9999999999999999,0.9639455009432345,0.9603496253353112,-0.3682976189659403,2.0,0,-0.3445776411753169,1.0,0
5883,0.0,0.0,1.0,0.823529411764706,0.9639455009432345,0.9603496253353112,-0.3682976189659403,2.0,0,0.4863254547088737,1.0,0
2017,0.0,1.0,1.0,0.8823529411764705,-1.7902032784930408,-0.8542122452049276,-0.3682976189659403,0.0,0,-1.12542633369299,0.0,1
14960,0.0,0.0,1.0,0.8823529411764705,-0.011920409671395564,-0.08196753090913357,-0.3682976189659403,2.0,0,0.3061296025894107,2.0,0
10197,0.0,0.0,0.6666666666666665,0.6470588235294118,0.9639455009432345,0.9603496253353112,-0.3682976189659403,2.0,0,-0.2544797151155854,1.0,0
6094,0.0,0.0,0.6666666666666665,0.6470588235294118,0.9639455009432345,0.9603496253353112,2.488812017207411,1.0,0,-0.9452304815735271,0.0,1
10703,1.0,0.0,0.6666666666666665,0.7058823529411765,-0.011920409671395564,-0.08196753090913357,-0.3682976189659403,2.0,1,0.8567280396211032,1.0,0
8016,1.0,0.0,1.0,0.9999999999999999,-1.2305359223701604,-1.8300569120062369,2.488812017207411,1.0,0,-0.9452304815735271,0.0,1
21219,1.0,0.0,0.6666666666666665,0.7058823529411765,0.9639455009432345,0.9603496253353112,-0.3682976189659403,2.0,0,-0.42466468656174494,2.0,0
6953,0.0,0.0,0.0,0.23529411764705876,0.9639455009432345,0.9603496253353112,-0.3682976189659403,1.0,0,-0.5347843739680834,1.0,0
12898,1.0,0.0,0.6666666666666665,0.7647058823529412,0.9639455009432345,0.9603496253353112,-0.3682976189659403,2.0,1,1.147043579146905,1.0,0
12436,0.0,0.0,1.0,0.9999999999999999,0.9639455009432345,0.9603496253353112,-0.3682976189659403,2.0,1,2.3383383792700214,2.0,0
9275,0.0,0.0,0.6666666666666665,0.6470588235294118,0.9639455009432345,0.9603496253353112,-0.3682976189659403,2.0,0,0.015814063063609125,1.0,0
3625,0.0,1.0,0.6666666666666665,0.5294117647058824,-1.2305359223701604,-1.8300569120062369,-0.3682976058382679,0.0,0,-0.985274004266741,0.0,1
11841,1.0,0.0,1.0,0.823529411764706,-0.011920409671395564,-0.08196753090913357,-0.3682976189659403,2.0,0,0.24606431854958966,1.0,0
6628,0.0,0.0,1.0,0.823529411764706,0.9639455009432345,0.9603496253353112,-0.3682976189659403,2.0,0,-0.47471908992826245,1.0,0
4256,1.0,0.0,1.0,0.9999999999999999,0.9639455009432345,0.9603496253353112,-0.3682976189659403,1.0,0,-0.9151978395536166,0.0,1
8016,1.0,0.0,1.0,0.9999999999999999,-1.2305359223701604,-1.8300569120062369,2.488812017207411,1.0,0,-0.9452304815735271,0.0,1
13817,1.0,0.0,0.0,0.11764705882352944,-1.2305359223701604,-0.8542122452049276,-0.3682976189659403,2.0,0,0.4663036933622667,1.0,0
7064,1.0,0.0,0.33333333333333326,0.2941176470588235,-0.011920409671395564,-0.08196753090913357,-0.3682976189659403,2.0,1,1.3572720732862784,1.0,0
10262,1.0,0.0,1.0,0.823529411764706,0.9639455009432345,0.9603496253353112,-0.3682976189659403,2.0,0,-0.40464292521513795,1.0,0
7050,0.0,1.0,0.0,0.0,-1.7902032784930408,-0.8542122452049276,-0.3682976189659403,0.0,0,-1.0353284076332585,0.0,1
7038,0.0,0.0,1.0,0.823529411764706,0.9639455009432345,0.9603496253353112,-0.3682976189659403,2.0,0,0.5363798580753912,1.0,0
9416,0.0,0.0,1.0,0.8823529411764705,-0.011920409671395564,-0.08196753090913357,-0.3682976189659403,2.0,1,2.3583601406166284,2.0,0
10529,0.0,0.0,0.6666666666666665,0.7647058823529412,0.9639455009432345,0.9603496253353112,-0.3682976189659403,2.0,0,-0.07428386299612239,1.0,0
7757,1.0,0.0,0.6666666666666665,0.5882352941176471,-0.011920409671395564,-0.08196753090913357,-0.3682976189659403,2.0,1,1.0969891757803873,1.0,0
15147,0.0,0.0,0.0,0.05882352941176472,0.9639455009432345,0.9603496253353112,-0.3682976189659403,2.0,0,0.22604255720298266,1.0,0
12898,1.0,0.0,0.6666666666666665,0.7647058823529412,0.9639455009432345,0.9603496253353112,-0.3682976189659403,2.0,0,0.18599903450976865,1.0,0
8784,0.0,0.0,0.0,0.23529411764705876,0.9639455009432345,0.9603496253353112,-0.3682976189659403,2.0,0,0.41624928999574917,1.0,0
5613,0.0,1.0,1.0,0.9411764705882352,-1.2305359223701604,-1.8300569120062369,2.488812017207411,0.0,0,-0.965252242920134,0.0,1
4622,0.0,1.0,0.0,0.05882352941176472,-0.011920409671395564,-0.08196753090913357,-0.3682976189659403,0.0,0,-1.025317526959955,0.0,1
10844,1.0,0.0,0.6666666666666665,0.5882352941176471,-0.011920409671395564,-0.08196753090913357,-0.3682976189659403,1.0,0,-0.5748278966612975,1.0,0
8586,1.0,0.0,0.6666666666666665,0.5882352941176471,-0.011920409671395564,-0.08196753090913357,-0.3682976189659403,2.0,1,1.7877399422383289,1.0,0
11753,0.0,0.0,1.0,0.8823529411764705,0.9639455009432345,0.9603496253353112,-0.3682976189659403,2.0,1,1.1870871018401188,2.0,0
7229,1.0,0.0,0.0,0.17647058823529405,-1.2305359223701604,-0.8542122452049276,-0.3647768598941265,0.0,0,-0.9752631235934375,0.0,1
8907,0.0,0.0,1.0,0.823529411764706,0.9639455009432345,0.9603496253353112,-0.3682976189659403,2.0,0,0.28610784124280364,1.0,0
13941,1.0,0.0,0.6666666666666665,0.5882352941176471,-0.011920409671395564,-0.08196753090913357,-0.3682976189659403,2.0,0,-0.1343491470359434,1.0,0
2228,1.0,0.0,0.0,0.17647058823529405,-1.7902032784930408,-0.8542122452049276,-0.3682976189659403,0.0,0,-1.12542633369299,0.0,1
10924,0.0,0.0,0.0,0.0,-1.2305359223701604,-0.8542122452049276,-0.3682976189659403,1.0,0,-0.5347843739680834,1.0,0
12778,0.0,0.0,0.0,0.11764705882352944,-1.2305359223701604,-0.8542122452049276,-0.3682976189659403,2.0,1,2.4784907086962704,2.0,0
4823,0.0,0.0,0.33333333333333326,0.4117647058823529,-1.2305359223701604,-1.8300569120062369,3.067125080727987,0.0,0,-0.9552413622468305,0.0,1
12192,0.0,0.0,1.0,0.823529411764706,0.9639455009432345,0.9603496253353112,-0.3682976189659403,2.0,0,-0.10431650501603289,1.0,0
13399,0.0,0.0,0.0,0.05882352941176472,0.9639455009432345,0.9603496253353112,-0.3682976189659403,2.0,0,0.4763145740355702,1.0,0
14151,1.0,0.0,0.6666666666666665,0.5882352941176471,-0.011920409671395564,-0.08196753090913357,-0.3682976189659403,1.0,0,-0.5147626126214765,1.0,0
8475,0.0,0.0,0.6666666666666665,0.7647058823529412,0.9639455009432345,0.9603496253353112,-0.3682976189659403,2.0,0,0.31614048326271416,1.0,0
11848,1.0,0.0,0.0,0.05882352941176472,0.9639455009432345,0.9603496253353112,-0.3682976189659403,2.0,0,-0.2644905957888889,1.0,0
10844,1.0,0.0,0.6666666666666665,0.7058823529411765,-0.011920409671395564,-0.08196753090913357,-0.3682976189659403,2.0,1,1.1370326984736012,1.0,0
15129,1.0,0.0,0.6666666666666665,0.5882352941176471,0.9639455009432345,0.9603496253353112,-0.3682976189659403,2.0,1,1.0869782951070839,2.0,0
4282,0.0,1.0,0.33333333333333326,0.2941176470588235,-1.2305359223701604,-1.8300569120062369,2.488812017207411,0.0,0,-0.965252242920134,0.0,1
12373,1.0,0.0,0.6666666666666665,0.5882352941176471,0.9639455009432345,0.9603496253353112,-0.3682976189659403,2.0,1,1.2371415052066363,1.0,0
14973,0.0,0.0,0.0,0.0,0.9639455009432345,0.9603496253353112,-0.3682976189659403,2.0,0,-0.40464292521513795,1.0,0
11087,1.0,0.0,0.0,0.11764705882352944,-1.2305359223701604,-0.8542122452049276,-0.3682976189659403,2.0,1,1.2471523858799398,1.0,0
4823,0.0,0.0,0.6666666666666665,0.5882352941176471,-1.2305359223701604,-1.8300569120062369,3.067125080727987,0.0,0,-0.9552413622468305,0.0,1
14817,0.0,0.0,0.0,0.05882352941176472,0.9639455009432345,0.9603496253353112,-0.3682976189659403,2.0,0,0.18599903450976865,1.0,0
15119,0.0,0.0,0.0,0.0,-1.2305359223701604,-0.8542122452049276,-0.3682976189659403,2.0,0,-0.04425122097621188,2.0,0
11467,1.0,0.0,0.6666666666666665,0.5294117647058824,-0.011920409671395564,-0.08196753090913357,-0.3682976189659403,2.0,1,1.9579249136844885,1.0,0
